ISO_code,Total_number_of_passenger_entries_and_exits,Location_name,Region,year,retail_and_recreation_percent_change_from_baseline,grocery_and_pharmacy_percent_change_from_baseline,parks_percent_change_from_baseline,transit_stations_percent_change_from_baseline,workplaces_percent_change_from_baseline,residential_percent_change_from_baseline
GB-ABE,480502.0,Aberdeen City,Scotland,2020.0,-49.15555555555556,-13.513245033112582,19.477351916376307,-44.717460317460315,-42.32380952380952,14.578947368421053
GB-ABD,198716.0,Aberdeenshire,Scotland,2020.0,-28.93581081081081,-13.56953642384106,19.04778156996587,-35.527027027027025,-37.58095238095238,12.513513513513514
GB-ANS,110394.0,Angus,Scotland,2020.0,-27.83108108108108,-7.993243243243243,10.69811320754717,-28.635135135135137,-33.96507936507936,10.771689497716896
GB-AGB,385884.0,Argyll and Bute,Scotland,2020.0,-23.615658362989326,-10.56418918918919,19.255555555555556,-14.597972972972974,-33.814189189189186,7.771241830065359
GB-BDG,6924238.0,Barking and Dagenham,London,2020.0,-33.50155763239876,-9.763239875389408,49.391891891891895,-36.27725856697819,-37.389408099688474,12.679127725856699
GB-BNE,1842882.0,Barnet,London,2020.0,-36.981308411214954,-12.411214953271028,66.17905405405405,-45.11214953271028,-45.30529595015577,16.45482866043614
GB-BNS,552954.0,Barnsley,Yorkshire and The Humber,2020.0,-38.797507788161994,-9.56386292834891,24.20608108108108,-27.95873015873016,-31.476635514018692,10.95638629283489
GB-BAS,1389984.0,Bath and North East Somerset,South West,2020.0,-48.01672240802676,-19.074324324324323,19.766323024054984,-45.020270270270274,-44.80952380952381,14.807407407407407
GB-BDF,878012.0,Bedford,East of England,2020.0,-39.4180602006689,-14.281456953642385,1.569060773480663,-44.75675675675676,-34.52063492063492,13.37
GB-BEX,4686702.0,Bexley,London,2020.0,-38.76323987538941,-10.825545171339565,40.70608108108108,-44.30218068535826,-40.96884735202492,15.133956386292835
GB-BIR,14914200.0,Birmingham,West Midlands,2020.0,-43.218068535825545,-15.74766355140187,9.821316614420063,-51.585669781931465,-37.73520249221184,12.84423676012461
GB-BBD,522938.0,Blackburn with Darwen,North West,2020.0,-39.060810810810814,-12.172297297297296,-37.5,-33.645270270270274,-31.095238095238095,11.63768115942029
GB-BPL,635114.0,Blackpool,North West,2020.0,-33.20608108108108,-7.952702702702703,13.858024691358025,-18.800675675675677,-31.384126984126983,9.620338983050848
GB-BOL,1346008.0,Bolton,North West,2020.0,-36.85981308411215,-13.750778816199377,15.83445945945946,-39.0251572327044,-34.58878504672897,12.348909657320872
GB-BCP,1261446.0,"Bournemouth, Christchurch and Poole",South West,,,,,,,
GB-BRC,691004.0,Bracknell Forest,South East,2020.0,-41.604729729729726,-12.79391891891892,6.976744186046512,-46.6554054054054,-42.20952380952381,16.419213973799128
GB-BRD,4462812.0,Bradford,Yorkshire and The Humber,2020.0,-35.71339563862929,-13.049844236760125,31.33108108108108,-41.77258566978193,-35.373831775700936,12.077881619937695
GB-BEN,11420312.0,Brent,London,2020.0,-37.60747663551402,-9.87227414330218,81.86486486486487,-41.94392523364486,-42.43613707165109,14.903426791277258
GB-BGE,447776.0,Bridgend - Pen-y-bont ar Ogwr,Wales,2020.0,-39.567567567567565,-8.452702702702704,7.571428571428571,-44.08445945945946,-34.96190476190476,12.988549618320612
GB-BNH,5858368.0,Brighton and Hove,South East,2020.0,-41.72727272727273,-17.592476489028215,31.768166089965398,-46.246105919003114,-44.56190476190476,14.388349514563107
GB-BST,2544790.0,"Bristol, City of",South West,2020.0,-48.993769470404985,-18.174454828660437,39.597972972972975,-55.099688473520246,-43.532710280373834,15.781931464174455
GB-BRY,9446976.0,Bromley,London,2020.0,-39.320872274143305,-10.688473520249222,28.029900332225914,-47.41744548286604,-44.822429906542055,17.062305295950157
GB-BKM,2854530.0,Buckinghamshire,South East,2020.0,-37.40809968847352,-15.517133956386292,19.368243243243242,-40.1588785046729,-39.426791277258566,15.006230529595015
GB-CAY,366250.0,Caerphilly - Caerffili,Wales,2020.0,-33.71283783783784,-12.341216216216216,-10.293103448275861,-38.0,-34.765079365079366,12.470588235294118
GB-CLD,939004.0,Calderdale,Yorkshire and The Humber,2020.0,-38.545171339563865,-14.953271028037383,-22.033783783783782,-33.040880503144656,-35.0440251572327,12.63551401869159
GB-CMD,27260060.0,Camden,London,2020.0,-67.11214953271028,-38.06230529595015,3.8821656050955413,-66.24299065420561,-53.57861635220126,19.335443037974684
GB-CRF,3122660.0,Cardiff - Caerdydd,Wales,2020.0,-48.35202492211838,-18.83177570093458,-11.982993197278912,-55.570093457943926,-45.94025157232704,15.143302180685358
GB-CMN,196610.0,Carmarthenshire - Sir Gaerfyrddin,Wales,2020.0,-40.16891891891892,-3.608108108108108,11.417241379310346,-37.432432432432435,-33.78095238095238,11.519298245614035
GB-CBF,1241632.0,Central Bedfordshire,East of England,2020.0,-34.413907284768214,-10.309375,26.399305555555557,-29.285714285714285,-36.75238095238095,14.044585987261147
GB-CHE,1921780.0,Cheshire East,North West,2020.0,-37.405660377358494,-13.598130841121495,21.9222972972973,-38.67601246105919,-37.4496855345912,13.246105919003115
GB-CHW,2070730.0,Cheshire West and Chester,North West,2020.0,-37.610591900311526,-11.819314641744548,14.277027027027026,-39.198113207547166,-37.867924528301884,12.968847352024921
GB-CLK,70732.0,Clackmannanshire,Scotland,2020.0,-26.33809523809524,-7.875,,-48.51724137931034,-34.554054054054056,9.630434782608695
GB-CON,2370414.0,Cornwall,South West,2020.0,-19.165079365079364,-5.177570093457944,73.58843537414965,-13.015723270440251,-31.697819314641745,9.853582554517134
GB-COV,1969360.0,Coventry,West Midlands,2020.0,-38.40498442367601,-12.669781931464174,22.405405405405407,-48.57943925233645,-38.47352024922118,12.728971962616823
GB-CRY,14917922.0,Croydon,London,2020.0,-41.046728971962615,-9.753894080996885,60.53716216216216,-48.149532710280376,-40.69781931464174,15.60436137071651
GB-DAL,575088.0,Darlington,North East,2020.0,-37.277027027027025,-12.91554054054054,-21.925925925925927,-44.54054054054054,-33.86984126984127,12.454545454545455
GB-DEN,245972.0,Denbighshire - Sir Ddinbych,Wales,2020.0,-31.949324324324323,-6.527027027027027,-1.1490909090909092,-31.925675675675677,-32.98316498316498,9.905759162303665
GB-DER,912438.0,Derby,East Midlands,2020.0,-39.03115264797508,-9.476635514018692,20.16289592760181,-52.15506329113924,-36.37777777777778,12.081761006289309
GB-DNC,1103834.0,Doncaster,Yorkshire and The Humber,2020.0,-34.41121495327103,-8.725856697819315,20.6722972972973,-45.52336448598131,-30.990654205607477,10.389408099688474
GB-DOR,606192.0,Dorset,South West,2020.0,-34.85669781931464,-8.348909657320872,65.77966101694915,-26.629283489096572,-35.88785046728972,11.56386292834891
GB-DUD,597198.0,Dudley,West Midlands,2020.0,-36.60747663551402,-9.64797507788162,15.087837837837839,-27.08176100628931,-35.47352024922118,12.236760124610592
GB-DGY,113318.0,Dumfries and Galloway,Scotland,2020.0,-30.06081081081081,-4.58445945945946,19.554794520547944,-24.277027027027028,-29.49206349206349,9.446096654275093
GB-DND,339302.0,Dundee City,Scotland,2020.0,-38.34113712374582,-15.47635135135135,2.304123711340206,-40.986486486486484,-39.10476190476191,11.647887323943662
GB-EAL,5131008.0,Ealing,London,2020.0,-34.84735202492212,-10.822429906542055,56.375,-46.741433021806856,-42.83177570093458,15.616822429906541
GB-EAY,142346.0,East Ayrshire,Scotland,2020.0,-33.75,-9.628378378378379,,-36.16554054054054,-34.507936507936506,12.27450980392157
GB-EDU,579794.0,East Dunbartonshire,Scotland,2020.0,-28.841216216216218,0.23986486486486486,,-42.9864406779661,-40.787301587301585,13.302469135802468
GB-ELN,342150.0,East Lothian,Scotland,2020.0,-33.93814432989691,-5.425675675675675,2.9174311926605503,-24.388513513513512,-37.96190476190476,12.216494845360824
GB-ERW,762486.0,East Renfrewshire,Scotland,2020.0,-21.761904761904763,-3.972972972972973,-50.138888888888886,-40.53307392996109,-42.33968253968254,13.22875816993464
GB-ERY,590940.0,East Riding of Yorkshire,Yorkshire and The Humber,2020.0,-32.66220735785953,-6.6257861635220126,59.08843537414966,-21.094594594594593,-32.210691823899374,11.274143302180685
GB-ENF,6960746.0,Enfield,London,2020.0,-33.900311526479754,-10.838006230529595,36.304054054054056,-40.49844236760124,-38.651090342679126,14.158878504672897
GB-FAL,416324.0,Falkirk,Scotland,2020.0,-32.597972972972975,-13.054054054054054,3.442622950819672,-42.375,-35.25396825396825,12.830985915492958
GB-FIF,694866.0,Fife,Scotland,2020.0,-32.00626959247649,-6.953271028037383,29.300675675675677,-34.106918238993714,-34.21383647798742,11.725856697819315
GB-FLN,126354.0,Flintshire - Sir y Fflint,Wales,2020.0,-35.604729729729726,-13.716216216216216,-10.935714285714285,-36.141891891891895,-35.87619047619047,12.538181818181819
GB-GAT,88150.0,Gateshead,North East,2020.0,-37.93457943925234,-12.059190031152648,42.65068493150685,-35.71383647798742,-39.13084112149533,12.794392523364486
GB-GLG,13229246.0,Glasgow City,Scotland,2020.0,-47.22118380062305,-16.713395638629283,-4.651006711409396,-58.95015576323988,-43.09034267912772,14.286604361370717
GB-GRE,7595010.0,Greenwich,London,2020.0,-40.75077881619938,-10.50778816199377,17.142857142857142,-41.80373831775701,-45.63551401869159,16.345794392523363
GB-HCK,12578950.0,Hackney,London,2020.0,-48.97196261682243,-10.177570093457945,59.442567567567565,-50.716510903426794,-47.57943925233645,17.264797507788163
GB-HAL,337228.0,Halton,North West,2020.0,-35.141891891891895,-11.25,-7.485294117647059,-36.83783783783784,-33.06984126984127,12.296875
GB-HMF,4692850.0,Hammersmith and Fulham,London,2020.0,-55.65732087227414,-25.252336448598133,25.618243243243242,-54.875389408099686,-52.4748427672956,18.784565916398712
GB-HRY,8822256.0,Haringey,London,2020.0,-37.79127725856698,-16.021806853582554,49.45945945945946,-47.610591900311526,-48.76635514018692,16.629283489096572
GB-HRW,2399974.0,Harrow,London,2020.0,-39.359375,-12.495327102803738,68.69830508474577,-44.97507788161994,-41.00934579439252,15.856697819314642
GB-HPL,188696.0,Hartlepool,North East,2020.0,-39.611486486486484,-10.233108108108109,-46.8,-25.83445945945946,-29.895622895622896,9.563106796116505
GB-HAV,7244680.0,Havering,London,2020.0,-38.4797507788162,-11.813084112149532,21.658783783783782,-42.80685358255452,-40.087227414330215,14.53582554517134
GB-HLD,440188.0,Highland,Scotland,2020.0,-29.118243243243242,-9.709030100334449,41.02040816326531,-30.027027027027028,-35.006349206349206,9.987096774193548
GB-HIL,2694110.0,Hillingdon,London,2020.0,-40.86604361370716,-12.146417445482866,61.21283783783784,-63.601246105919,-40.56386292834891,15.236760124610592
GB-HNS,3783424.0,Hounslow,London,2020.0,-35.41121495327103,-13.467289719626168,37.66554054054054,-43.308411214953274,-42.205607476635514,15.22429906542056
GB-IVC,333310.0,Inverclyde,Scotland,2020.0,-35.30927835051546,-7.489864864864865,-57.666666666666664,-28.956989247311828,-36.354729729729726,9.373134328358208
GB-IOW,177206.0,Isle of Wight,South East,2020.0,-28.554054054054053,-3.7871621621621623,43.48070175438596,-23.804054054054053,-30.00952380952381,9.707865168539326
GB-ISL,18379836.0,Islington,London,2020.0,-61.89408099688473,-22.2803738317757,29.41554054054054,-59.728971962616825,-53.60377358490566,20.62264150943396
GB-KEC,738934.0,Kensington and Chelsea,London,2020.0,-60.85669781931464,-16.761006289308177,-4.1925675675675675,-60.21183800623053,-50.838095238095235,17.97037037037037
GB-KTT,5469062.0,Kingston upon Thames,London,2020.0,-44.42056074766355,-17.38317757009346,36.723404255319146,-48.978193146417446,-46.9748427672956,17.420382165605094
GB-KIR,1902218.0,Kirklees,Yorkshire and The Humber,2020.0,-35.58255451713396,-11.4797507788162,38.13175675675676,-41.47663551401869,-34.495327102803735,12.60436137071651
GB-KWL,1271014.0,Knowsley,North West,2020.0,-32.672955974842765,-6.905405405405405,9.572687224669604,-34.457142857142856,-33.4937106918239,11.590625
GB-LBH,26018280.0,Lambeth,London,2020.0,-51.94392523364486,-15.367601246105918,11.732026143790849,-58.021806853582554,-48.47040498442367,18.98753894080997
GB-LDS,7297330.0,Leeds,Yorkshire and The Humber,2020.0,-44.90965732087228,-16.021806853582554,27.37012987012987,-53.79127725856698,-42.137071651090345,14.404984423676012
GB-LCE,1042118.0,Leicester,East Midlands,2020.0,-45.794392523364486,-16.45482866043614,25.51186440677966,-48.12893081761006,-35.1588785046729,11.965732087227414
GB-LEW,15288224.0,Lewisham,London,2020.0,-34.85358255451713,-5.585669781931464,63.391891891891895,-46.504672897196265,-47.78816199376947,17.67601246105919
GB-LIV,13906698.0,Liverpool,North West,2020.0,-43.386292834890966,-16.806853582554517,-11.274143302180685,-52.046728971962615,-38.84423676012461,12.39563862928349
GB-LUT,2339208.0,Luton,East of England,2020.0,-38.19932432432432,-8.912162162162161,-10.666666666666666,-58.70716510903427,-31.336507936507935,12.04416403785489
GB-MAN,8905750.0,Manchester,North West,2020.0,-50.94704049844237,-22.277258566978194,-6.5046728971962615,-61.53894080996885,-41.07165109034268,14.040498442367602
GB-MDW,3318958.0,Medway,South East,2020.0,-38.47157190635451,-9.128712871287128,23.70446735395189,-37.79047619047619,-36.301886792452834,12.75
GB-MTY,99204.0,Merthyr Tydfil - Merthyr Tudful,Wales,2020.0,-39.83108108108108,-15.64864864864865,,-30.249056603773585,-33.141891891891895,10.0
GB-MRT,7167794.0,Merton,London,2020.0,-42.80685358255452,-14.663551401869158,33.277027027027025,-50.17133956386293,-45.54828660436137,17.0
GB-MDB,352050.0,Middlesbrough,North East,2020.0,-39.597972972972975,-11.08445945945946,-13.232142857142858,-44.58783783783784,-30.88888888888889,10.202205882352942
GB-MLN,77244.0,Midlothian,Scotland,2020.0,-32.273648648648646,-8.631756756756756,0.5,-29.07508532423208,-38.91428571428571,12.963302752293577
GB-MIK,1555474.0,Milton Keynes,South East,2020.0,-37.47040498442367,-16.722741433021806,22.06081081081081,-46.92767295597484,-37.58730158730159,14.081504702194357
GB-MON,192798.0,Monmouthshire - Sir Fynwy,Wales,2020.0,-38.24662162162162,-16.99662162162162,-6.342412451361867,-31.47972972972973,-37.94019933554817,11.411042944785276
GB-MRY,108316.0,Moray,Scotland,2020.0,-31.425675675675677,-11.905405405405405,6.261061946902655,-31.64516129032258,-31.06418918918919,7.788659793814433
GB-NTL,336438.0,Neath Port Talbot - Castell-nedd Port Talbot,Wales,2020.0,-33.608108108108105,2.8378378378378377,2.6401869158878504,-42.847972972972975,-34.34603174603175,11.902985074626866
GB-NET,1559254.0,Newcastle upon Tyne,North East,2020.0,-51.21183800623053,-18.54517133956386,25.949324324324323,-52.10591900311527,-39.953271028037385,13.654205607476635
GB-NWM,22782504.0,Newham,London,2020.0,-45.02492211838006,-14.018691588785046,110.8108108108108,-48.308411214953274,-44.33644859813084,15.037383177570094
GB-NWP,574734.0,Newport - Casnewydd,Wales,2020.0,-41.25252525252525,-12.908783783783784,3.1904761904761907,-41.87837837837838,-36.43492063492064,13.044520547945206
GB-NAY,458854.0,North Ayrshire,Scotland,2020.0,-27.72972972972973,-0.9256756756756757,-9.831460674157304,-22.48310810810811,-33.98412698412698,11.402255639097744
GB-NEL,181914.0,North East Lincolnshire,Yorkshire and The Humber,2020.0,-33.38175675675676,-9.297297297297296,12.01195219123506,-23.929054054054053,-27.901587301587302,8.814569536423841
GB-NLK,1191492.0,North Lanarkshire,Scotland,2020.0,-34.34437086092715,-10.623052959501557,-45.0,-39.7,-35.26729559748428,12.15576323987539
GB-NLN,118070.0,North Lincolnshire,Yorkshire and The Humber,2020.0,-32.810810810810814,-8.317567567567568,3.1220338983050846,-22.760135135135137,-29.02857142857143,9.96085409252669
GB-NNH,509398.0,North Northamptonshire,East Midlands,,,,,,,
GB-NSM,601276.0,North Somerset,South West,2020.0,-37.03703703703704,-12.060200668896321,35.93559322033898,-49.29780564263323,-36.507936507936506,13.13953488372093
GB-NYK,2112446.0,North Yorkshire,Yorkshire and The Humber,2020.0,-29.757009345794394,-7.277258566978193,40.97666666666667,-26.770440251572328,-34.6822429906542,11.78816199376947
GB-NBL,509030.0,Northumberland,North East,2020.0,-33.63245033112583,-4.943217665615142,44.4527027027027,-21.175675675675677,-34.9622641509434,11.209375
GB-NGM,1436674.0,Nottingham,East Midlands,2020.0,-52.69781931464174,-17.554517133956388,32.94604316546763,-53.62305295950156,-39.638364779874216,12.133956386292835
GB-OLD,84746.0,Oldham,North West,2020.0,-34.021806853582554,-13.566978193146417,38.0271186440678,-32.712025316455694,-34.348909657320874,11.613707165109034
GB-PEM,72166.0,Pembrokeshire - Sir Benfro,Wales,2020.0,-31.175675675675677,-4.753378378378378,13.453183520599252,-29.758503401360546,-31.22895622895623,9.344660194174757
GB-PKN,230400.0,Perth and Kinross,Scotland,2020.0,-37.895270270270274,-13.77027027027027,20.881756756756758,-35.50675675675676,-37.54920634920635,12.227611940298507
GB-PTE,1089232.0,Peterborough,East of England,2020.0,-35.94704049844237,-12.307692307692308,-13.608695652173912,-46.13175675675676,-30.965079365079365,10.984276729559749
GB-PLY,706212.0,Plymouth,South West,2020.0,-40.9771986970684,-15.28930817610063,26.844594594594593,-31.697068403908794,-37.0125786163522,10.9874213836478
GB-POR,2094546.0,Portsmouth,South East,2020.0,-40.278481012658226,-14.550314465408805,14.260416666666666,-34.46666666666667,-38.993650793650794,12.140127388535031
GB-RDG,3189222.0,Reading,South East,2020.0,-47.717948717948715,-14.929765886287626,16.622340425531913,-60.11526479750779,-43.888888888888886,17.306859205776174
GB-RDB,6719340.0,Redbridge,London,2020.0,-33.51090342679128,-10.738317757009346,54.82432432432432,-46.04984423676012,-43.389408099688474,15.277258566978194
GB-RCC,251348.0,Redcar and Cleveland,North East,2020.0,-39.179054054054056,-9.074324324324325,-0.4409448818897638,-24.16554054054054,-30.812698412698413,10.313653136531366
GB-RFW,1585010.0,Renfrewshire,Scotland,2020.0,-38.788079470198674,-4.280405405405405,2.926829268292683,-55.773851590106005,-39.22857142857143,13.552188552188552
GB-RCT,604594.0,Rhondda Cynon Taf - Rhondda Cynon Taf,Wales,2020.0,-38.875,-10.063545150501673,-8.985074626865671,-42.483108108108105,-34.86031746031746,12.337579617834395
GB-RIC,7327526.0,Richmond upon Thames,London,2020.0,-42.059375,-11.40880503144654,33.90066225165563,-50.55451713395639,-51.2,18.141914191419144
GB-RCH,626658.0,Rochdale,North West,2020.0,-30.38317757009346,-14.90031152647975,32.402061855670105,-30.17295597484277,-32.29283489096573,11.862928348909657
GB-ROT,224070.0,Rotherham,Yorkshire and The Humber,2020.0,-30.411214953271028,-11.666666666666666,21.679054054054053,-32.333333333333336,-33.50155763239876,11.376947040498443
GB-RUT,29220.0,Rutland,East Midlands,2020.0,-28.388235294117646,-0.2549019607843137,-55.8,,-38.00377358490566,9.090909090909092
GB-SLF,732534.0,Salford,North West,2020.0,-34.60436137071651,-12.208722741433021,22.06756756756757,-45.15987460815047,-38.96884735202492,13.623052959501557
GB-SAW,1567352.0,Sandwell,West Midlands,2020.0,-31.61682242990654,-10.373831775700934,32.11486486486486,-35.85669781931464,-33.875389408099686,11.46417445482866
GB-SCB,84234.0,Scottish Borders,Scotland,2020.0,-29.82372881355932,-11.222972972972974,11.007547169811321,-28.91216216216216,-32.916666666666664,10.369158878504672
GB-SFT,6221988.0,Sefton,North West,2020.0,-33.25545171339564,-8.682242990654206,31.320945945945947,-35.225,-36.99065420560748,12.32398753894081
GB-SHF,2401934.0,Sheffield,Yorkshire and The Humber,2020.0,-43.97507788161994,-14.096573208722742,18.312292358803987,-47.98753894080997,-38.49221183800623,13.25233644859813
GB-SHR,848496.0,Shropshire,West Midlands,,,,,,,
GB-SLG,2030668.0,Slough,South East,2020.0,-34.58108108108108,-18.780405405405407,11.1651376146789,-50.375,-38.51111111111111,14.52482269503546
GB-SOL,1639770.0,Solihull,West Midlands,2020.0,-46.02803738317757,-11.710280373831775,32.777027027027025,-64.01246105919003,-40.60377358490566,14.647798742138365
GB-SOM,829774.0,Somerset,South West,2020.0,-33.087227414330215,-9.246105919003115,30.716216216216218,-16.876190476190477,-31.925233644859812,11.118380062305295
GB-SAY,439908.0,South Ayrshire,Scotland,2020.0,-37.54054054054054,-9.554054054054054,-1.331360946745562,-33.84121621621622,-36.119354838709675,10.106796116504855
GB-SGC,662418.0,South Gloucestershire,South West,2020.0,-37.43302180685358,-12.925233644859814,42.801393728223,-42.01904761904762,-39.26813880126183,14.531446540880504
GB-SLK,1260524.0,South Lanarkshire,Scotland,2020.0,-30.9375,-8.785046728971963,32.59040590405904,-36.2952380952381,-35.84591194968554,12.85981308411215
GB-STH,1656000.0,Southampton,South East,2020.0,-46.040880503144656,-13.336477987421384,8.756756756756756,-45.43396226415094,-39.833333333333336,12.47962382445141
GB-SOS,3839794.0,Southend-on-Sea,East of England,2020.0,-36.692567567567565,-6.337837837837838,30.599078341013826,-46.29677419354839,-38.39047619047619,13.734545454545454
GB-SWK,29169522.0,Southwark,London,2020.0,-51.165109034267914,-20.274143302180686,-5.968847352024922,-56.81931464174455,-49.35202492211838,18.542056074766354
GB-SHN,768418.0,St. Helens,North West,2020.0,-35.1993769470405,-11.118380062305295,27.83108108108108,-35.31428571428572,-34.60436137071651,11.595015576323988
GB-STG,552722.0,Stirling,Scotland,2020.0,-42.858108108108105,-9.807432432432432,12.696864111498257,-46.41891891891892,-41.141891891891895,10.713235294117647
GB-SKP,1942540.0,Stockport,North West,2020.0,-36.88785046728972,-10.785046728971963,22.58445945945946,-48.924528301886795,-40.31464174454829,14.510903426791277
GB-STT,276664.0,Stockton-on-Tees,North East,2020.0,-35.47666666666667,-7.898989898989899,9.342105263157896,-31.777027027027028,-32.180952380952384,11.203333333333333
GB-STE,723658.0,Stoke-on-Trent,West Midlands,2020.0,-38.40836012861736,-10.864779874213836,14.275303643724696,-44.51013513513514,-31.861635220125788,10.538940809968848
GB-SND,107250.0,Sunderland,North East,2020.0,-33.32710280373832,-8.797507788161994,21.405405405405407,-30.174454828660437,-35.21495327102804,11.414330218068535
GB-STN,3747146.0,Sutton,London,2020.0,-39.16065573770492,-13.975077881619939,41.25,-49.68847352024922,-43.31132075471698,15.80373831775701
GB-SWA,512606.0,Swansea - Abertawe,Wales,2020.0,-39.79611650485437,-15.282539682539683,21.958490566037735,-45.222972972972975,-38.546031746031744,12.528662420382165
GB-SWD,651824.0,Swindon,South West,2020.0,-39.94285714285714,-15.525157232704403,-9.326530612244898,-44.763513513513516,-35.768253968253966,13.097087378640778
GB-TAM,709174.0,Tameside,North West,2020.0,-36.875389408099686,-8.909657320872274,35.3481228668942,-35.943396226415096,-36.545171339563865,12.651090342679128
GB-TFW,407070.0,Telford and Wrekin,West Midlands,2020.0,-33.99688473520249,-10.557632398753894,28.277397260273972,-31.00337837837838,-32.0314465408805,11.741433021806854
GB-THR,4051930.0,Thurrock,East of England,2020.0,-37.414715719063544,-13.839464882943144,-2.097902097902098,-31.956810631229235,-35.65396825396825,12.42809364548495
GB-TOB,545884.0,Torbay,South West,2020.0,-32.195945945945944,-2.1216216216216215,44.47148288973384,-24.97972972972973,-32.32698412698413,9.932835820895523
GB-TWH,9220180.0,Tower Hamlets,London,2020.0,-56.63551401869159,-21.84423676012461,-21.39252336448598,-57.35202492211838,-53.161993769470406,19.61993769470405
GB-TRF,248060.0,Trafford,North West,2020.0,-41.06230529595015,-14.850467289719626,-16.574257425742573,-42.553125,-42.38006230529595,15.529595015576325
GB-VGL,603520.0,Vale of Glamorgan - Bro Morgannwg,Wales,2020.0,-32.560810810810814,-8.858108108108109,14.190677966101696,-42.38513513513514,-38.4,14.511904761904763
GB-WKF,1400672.0,Wakefield,Yorkshire and The Humber,2020.0,-37.09345794392523,-5.401869158878505,11.256756756756756,-33.83177570093458,-33.557632398753896,11.566978193146417
GB-WLL,310858.0,Walsall,West Midlands,2020.0,-35.018691588785046,-11.38006230529595,19.68581081081081,-34.855345911949684,-32.8006230529595,11.467289719626168
GB-WFT,6319686.0,Waltham Forest,London,2020.0,-30.161993769470406,-9.847352024922118,40.4527027027027,-44.68535825545171,-45.69470404984423,15.669781931464174
GB-WND,16734280.0,Wandsworth,London,2020.0,-45.006230529595015,-16.342679127725855,38.3741935483871,-50.99065420560748,-50.20872274143302,20.037383177570092
GB-WRT,853626.0,Warrington,North West,2020.0,-37.51768488745981,-14.015822784810126,25.223021582733814,-40.861486486486484,-36.68571428571428,12.816393442622951
GB-WBK,760316.0,West Berkshire,South East,2020.0,-41.067567567567565,-16.179054054054053,9.52027027027027,-40.366883116883116,-41.076190476190476,16.699604743083004
GB-WDU,583558.0,West Dunbartonshire,Scotland,2020.0,-32.567567567567565,-7.516891891891892,-60.857142857142854,-33.11824324324324,-35.48253968253968,11.69
GB-WLN,747182.0,West Lothian,Scotland,2020.0,-34.19397993311037,-3.3817567567567566,-12.048192771084338,-40.457142857142856,-37.473015873015875,13.04040404040404
GB-WNH,757450.0,West Northamptonshire,East Midlands,,,,,,,
GB-WSM,27591128.0,Westminster,London,2020.0,-71.11526479750779,-42.28971962616822,-46.283489096573206,-67.34890965732087,-53.4937106918239,18.660194174757283
GB-WGN,986652.0,Wigan,North West,2020.0,-36.8006230529595,-10.7601246105919,40.05067567567568,-39.425,-33.85981308411215,11.909657320872274
GB-WIL,1613818.0,Wiltshire,South West,2020.0,-34.149532710280376,-14.43613707165109,17.35135135135135,-31.381703470031546,-35.79874213836478,12.641744548286605
GB-WNM,1915962.0,Windsor and Maidenhead,South East,2020.0,-43.76013513513514,-12.277027027027026,4.050675675675675,-43.33445945945946,-43.768253968253966,17.227272727272727
GB-WRL,5074456.0,Wirral,North West,2020.0,-33.09345794392523,-9.757009345794392,43.179054054054056,-31.996884735202492,-35.92211838006231,12.024922118380061
GB-WOK,1027212.0,Wokingham,South East,2020.0,-39.858108108108105,-18.4222972972973,21.57391304347826,-47.63175675675676,-45.36825396825397,18.960474308300395
GB-WLV,994634.0,Wolverhampton,West Midlands,2020.0,-39.58255451713396,-13.417445482866043,12.10472972972973,-41.109034267912776,-33.361370716510905,11.26791277258567
GB-WRX,179266.0,Wrexham - Wrecsam,Wales,2020.0,-42.4054054054054,-12.787162162162161,-4.576719576719577,-36.61486486486486,-32.74603174603175,12.031007751937985
GB-YOR,1850968.0,York,Yorkshire and The Humber,2020.0,-41.27652733118971,-16.249180327868853,-0.02422145328719723,-45.74528301886792,-44.91111111111111,13.963087248322148
GB-ABE,1752822.0,Aberdeen City,Scotland,2021.0,-33.92054794520548,2.0684931506849313,16.18904109589041,-39.367123287671234,-38.36986301369863,11.205479452054794
GB-ABD,768644.0,Aberdeenshire,Scotland,2021.0,-10.808219178082192,-0.8767123287671232,38.75068493150685,-40.78082191780822,-30.386301369863013,8.758904109589041
GB-ANS,520118.0,Angus,Scotland,2021.0,-6.443835616438356,2.8767123287671232,25.353711790393014,-29.504109589041096,-28.71780821917808,8.175718849840255
GB-AGB,869138.0,Argyll and Bute,Scotland,2021.0,-0.8707865168539326,11.780821917808218,47.78260869565217,18.731506849315068,-25.92876712328767,7.605351170568562
GB-BDG,11521332.0,Barking and Dagenham,London,2021.0,-17.684931506849313,-1.9232876712328768,59.293150684931504,-33.90958904109589,-37.26575342465753,8.61917808219178
GB-BNE,3742416.0,Barnet,London,2021.0,-25.6,-3.4493150684931506,46.06027397260274,-40.50684931506849,-39.54520547945206,12.317808219178081
GB-BNS,1802682.0,Barnsley,Yorkshire and The Humber,2021.0,-22.23013698630137,-1.0547945205479452,40.84109589041096,-25.72876712328767,-25.44109589041096,7.534246575342466
GB-BAS,4657062.0,Bath and North East Somerset,South West,2021.0,-28.82191780821918,-6.610958904109589,45.1142061281337,-38.95890410958904,-36.895890410958906,10.898630136986302
GB-BDF,2435926.0,Bedford,East of England,2021.0,-21.915068493150685,-5.287671232876712,7.831050228310502,-43.821917808219176,-26.46027397260274,10.057534246575342
GB-BEX,10218124.0,Bexley,London,2021.0,-28.786301369863015,0.6931506849315069,38.06575342465754,-44.367123287671234,-37.09041095890411,11.427397260273972
GB-BIR,41640332.0,Birmingham,West Midlands,2021.0,-26.816438356164383,-2.095890410958904,12.904109589041095,-44.79178082191781,-31.19178082191781,8.90958904109589
GB-BBD,1425038.0,Blackburn with Darwen,North West,2021.0,-22.104109589041094,0.8904109589041096,-36.0,-25.873972602739727,-23.76986301369863,7.331506849315068
GB-BPL,2069536.0,Blackpool,North West,2021.0,0.3315068493150685,8.824657534246576,37.12903225806452,1.1753424657534246,-18.054794520547944,6.6136986301369864
GB-BOL,3760864.0,Bolton,North West,2021.0,-17.654794520547945,0.2273972602739726,21.682191780821917,-33.054794520547944,-26.980821917808218,8.419178082191781
GB-BCP,3642840.0,"Bournemouth, Christchurch and Poole",South West,,,,,,,
GB-BRC,1748090.0,Bracknell Forest,South East,2021.0,-25.438356164383563,-2.76986301369863,16.640776699029125,-46.52876712328767,-36.99452054794521,11.727793696275072
GB-BRD,10197130.0,Bradford,Yorkshire and The Humber,2021.0,-21.816438356164383,-2.5452054794520547,41.4986301369863,-31.41917808219178,-29.339726027397262,8.24931506849315
GB-BEN,21800552.0,Brent,London,2021.0,-21.23835616438356,0.8,65.92054794520548,-38.03013698630137,-37.4,10.241095890410959
GB-BGE,1336398.0,Bridgend - Pen-y-bont ar Ogwr,Wales,2021.0,-14.024657534246575,4.821917808219178,18.775862068965516,-41.367123287671234,-28.66849315068493,8.580821917808219
GB-BNH,15637240.0,Brighton and Hove,South East,2021.0,-24.454794520547946,-6.495890410958904,33.15068493150685,-41.136986301369866,-35.84931506849315,11.2986301369863
GB-BST,7843404.0,"Bristol, City of",South West,2021.0,-33.3013698630137,-6.610958904109589,54.295890410958904,-47.704109589041096,-38.00821917808219,11.778082191780822
GB-BRY,22127998.0,Bromley,London,2021.0,-24.893150684931506,0.8767123287671232,25.682191780821917,-43.632876712328766,-40.320547945205476,13.427397260273972
GB-BKM,8271574.0,Buckinghamshire,South East,2021.0,-23.832876712328765,-5.887671232876713,15.797260273972602,-34.293150684931504,-32.087671232876716,11.139726027397261
GB-CAY,1259842.0,Caerphilly - Caerffili,Wales,2021.0,-11.106849315068493,-1.0876712328767124,16.176829268292682,-37.704109589041096,-28.167123287671235,8.241095890410959
GB-CLD,2927594.0,Calderdale,Yorkshire and The Humber,2021.0,-21.194520547945206,-0.043835616438356165,-8.180821917808219,-23.372602739726027,-26.221917808219178,9.068493150684931
GB-CMD,80559180.0,Camden,London,2021.0,-57.895890410958906,-25.96986301369863,10.257534246575343,-46.846575342465755,-46.25205479452055,14.624657534246575
GB-CRF,11085164.0,Cardiff - Caerdydd,Wales,2021.0,-35.16164383561644,-9.189041095890412,5.712328767123288,-44.558904109589044,-43.07397260273972,10.873972602739727
GB-CMN,674038.0,Carmarthenshire - Sir Gaerfyrddin,Wales,2021.0,-20.15068493150685,19.816438356164383,48.861189801699716,-43.36986301369863,-26.0986301369863,7.315068493150685
GB-CBF,3423318.0,Central Bedfordshire,East of England,2021.0,-19.986301369863014,3.5506849315068494,40.81512605042017,-18.523287671232875,-30.410958904109588,10.517808219178082
GB-CHE,6390260.0,Cheshire East,North West,2021.0,-22.863013698630137,0.37534246575342467,34.23013698630137,-17.2986301369863,-31.838356164383562,9.613698630136986
GB-CHW,6067246.0,Cheshire West and Chester,North West,2021.0,-21.23835616438356,-0.4904109589041096,23.246575342465754,-32.75068493150685,-32.087671232876716,9.312328767123288
GB-CLK,258994.0,Clackmannanshire,Scotland,2021.0,-18.852,3.4794520547945207,,-54.397260273972606,-28.41917808219178,10.582375478927203
GB-CON,6147464.0,Cornwall,South West,2021.0,4.523287671232877,16.726027397260275,141.05205479452056,2.802739726027397,-28.632876712328766,6.6219178082191785
GB-COV,5288216.0,Coventry,West Midlands,2021.0,-25.912328767123288,-0.7095890410958904,14.652054794520549,-42.843835616438355,-37.778082191780825,8.991780821917809
GB-CRY,30511304.0,Croydon,London,2021.0,-25.65205479452055,1.347945205479452,38.90958904109589,-44.342465753424655,-34.676712328767124,11.728767123287671
GB-DAL,2179612.0,Darlington,North East,2021.0,-18.6,1.0136986301369864,-10.938775510204081,-34.704109589041096,-28.235616438356164,8.180821917808219
GB-DEN,662754.0,Denbighshire - Sir Ddinbych,Wales,2021.0,-6.695890410958904,12.394520547945206,25.93312101910828,-28.73972602739726,-26.26027397260274,7.747603833865814
GB-DER,2964800.0,Derby,East Midlands,2021.0,-24.972602739726028,3.191780821917808,48.53947368421053,-39.66849315068493,-31.660273972602738,8.526027397260274
GB-DNC,4187686.0,Doncaster,Yorkshire and The Humber,2021.0,-15.495890410958904,1.8246575342465754,26.926027397260274,-42.40821917808219,-27.87123287671233,6.917808219178082
GB-DOR,1767020.0,Dorset,South West,2021.0,-19.115068493150684,7.435616438356164,106.4958904109589,-21.72876712328767,-30.235616438356164,8.413698630136986
GB-DUD,1587594.0,Dudley,West Midlands,2021.0,-22.898630136986302,0.8301369863013699,6.526027397260274,-27.67945205479452,-29.624657534246577,8.638356164383561
GB-DGY,559212.0,Dumfries and Galloway,Scotland,2021.0,-9.449315068493151,14.093150684931507,61.64657534246575,-0.4054794520547945,-24.632876712328766,5.863013698630137
GB-DND,1243912.0,Dundee City,Scotland,2021.0,-25.665753424657535,-1.7315068493150685,17.418848167539267,-29.4,-33.37808219178082,8.558904109589042
GB-EAL,11301066.0,Ealing,London,2021.0,-22.12876712328767,-1.2821917808219179,53.23013698630137,-42.74246575342466,-38.276712328767125,11.057534246575342
GB-EAY,595960.0,East Ayrshire,Scotland,2021.0,-16.04931506849315,3.9397260273972603,,-30.994520547945207,-29.602739726027398,8.12054794520548
GB-EDU,1966884.0,East Dunbartonshire,Scotland,2021.0,-13.594520547945205,10.791780821917808,,-39.0027397260274,-36.64931506849315,13.996168582375478
GB-ELN,1302508.0,East Lothian,Scotland,2021.0,-10.561643835616438,5.323287671232877,18.642276422764226,-15.92876712328767,-33.61369863013699,11.217252396166135
GB-ERW,1831962.0,East Renfrewshire,Scotland,2021.0,-11.923287671232877,7.8712328767123285,-20.5,-33.97124600638978,-37.06027397260274,14.28352490421456
GB-ERY,2198556.0,East Riding of Yorkshire,Yorkshire and The Humber,2021.0,-9.783561643835617,5.164383561643835,109.80440771349862,-21.246575342465754,-25.01095890410959,7.561643835616438
GB-ENF,14178992.0,Enfield,London,2021.0,-24.397260273972602,-4.668493150684932,21.106849315068494,-44.0,-35.24109589041096,10.252054794520548
GB-FAL,1633176.0,Falkirk,Scotland,2021.0,-16.493150684931507,-7.024657534246575,28.466666666666665,-44.11506849315069,-31.764383561643836,9.487671232876712
GB-FIF,2996664.0,Fife,Scotland,2021.0,-16.367123287671234,6.917808219178082,39.728767123287675,-36.49315068493151,-26.517808219178082,8.813698630136987
GB-FLN,404432.0,Flintshire - Sir y Fflint,Wales,2021.0,-17.53150684931507,-4.1068493150684935,5.953703703703703,-45.893150684931506,-29.068493150684933,7.947945205479452
GB-GAT,361468.0,Gateshead,North East,2021.0,-23.167123287671235,2.6246575342465754,49.88101983002833,-43.1013698630137,-29.72876712328767,9.276712328767124
GB-GLG,38210140.0,Glasgow City,Scotland,2021.0,-34.131506849315066,-6.331506849315068,11.783561643835617,-52.013698630136986,-36.41095890410959,10.813698630136987
GB-GRE,16172970.0,Greenwich,London,2021.0,-25.986301369863014,-2.0876712328767124,15.810958904109588,-34.26575342465753,-43.038356164383565,12.306849315068494
GB-HCK,27467410.0,Hackney,London,2021.0,-40.104109589041094,-1.7315068493150685,51.83561643835616,-45.824657534246576,-41.96986301369863,12.745205479452055
GB-HAL,1131040.0,Halton,North West,2021.0,-19.254794520547946,-0.1917808219178082,2.675,-38.728767123287675,-28.9013698630137,8.164383561643836
GB-HMF,10360024.0,Hammersmith and Fulham,London,2021.0,-44.558904109589044,-16.172602739726027,27.561643835616437,-44.64931506849315,-48.33698630136986,13.802739726027397
GB-HRY,19532406.0,Haringey,London,2021.0,-29.556164383561644,-9.663013698630136,28.084931506849315,-42.3041095890411,-46.96986301369863,11.805479452054794
GB-HRW,4864298.0,Harrow,London,2021.0,-23.443835616438356,3.5863013698630137,79.85123966942149,-34.46849315068493,-29.44109589041096,11.53972602739726
GB-HPL,590706.0,Hartlepool,North East,2021.0,-26.312328767123287,-2.0383561643835617,,-25.956164383561642,-21.96986301369863,7.562300319488818
GB-HAV,14880282.0,Havering,London,2021.0,-24.446575342465753,-2.0164383561643837,18.068493150684933,-33.657534246575345,-33.75616438356165,10.772602739726027
GB-HLD,1509706.0,Highland,Scotland,2021.0,-3.621917808219178,6.46027397260274,105.47945205479452,-21.824657534246576,-28.328767123287673,6.49041095890411
GB-HIL,7496740.0,Hillingdon,London,2021.0,-25.602739726027398,-4.704109589041096,67.4,-55.4986301369863,-35.276712328767125,10.734246575342466
GB-HNS,7966710.0,Hounslow,London,2021.0,-22.295890410958904,0.22465753424657534,39.07945205479452,-34.961643835616435,-33.54794520547945,10.4
GB-IVC,1327390.0,Inverclyde,Scotland,2021.0,-19.567123287671233,1.8986301369863015,-48.0,-18.044728434504794,-31.512328767123286,10.831417624521073
GB-IOW,351344.0,Isle of Wight,South East,2021.0,1.610958904109589,17.482191780821918,68.58974358974359,-0.5287671232876713,-19.413698630136988,6.701369863013698
GB-ISL,38563846.0,Islington,London,2021.0,-53.58904109589041,-17.53150684931507,41.465753424657535,-67.52876712328766,-50.484931506849314,15.575342465753424
GB-KEC,1742806.0,Kensington and Chelsea,London,2021.0,-48.863013698630134,-2.0904109589041098,-0.6794520547945205,-53.12054794520548,-46.84109589041096,13.375342465753425
GB-KTT,13998060.0,Kingston upon Thames,London,2021.0,-31.98904109589041,-9.857534246575343,61.10144927536232,-40.37260273972603,-39.73972602739726,13.331506849315069
GB-KIR,5385504.0,Kirklees,Yorkshire and The Humber,2021.0,-16.126027397260273,3.7945205479452055,54.26849315068493,-37.97534246575343,-23.887671232876713,8.767123287671232
GB-KWL,2966226.0,Knowsley,North West,2021.0,-29.76164383561644,18.312328767123287,10.54639175257732,-46.345205479452055,-22.216438356164385,8.315068493150685
GB-LBH,71097938.0,Lambeth,London,2021.0,-41.320547945205476,-7.473972602739726,39.83835616438356,-48.57260273972603,-40.97260273972603,14.084931506849315
GB-LDS,23512738.0,Leeds,Yorkshire and The Humber,2021.0,-28.983561643835618,-2.2575342465753425,40.92876712328767,-43.843835616438355,-36.032876712328765,10.602739726027398
GB-LCE,3548600.0,Leicester,East Midlands,2021.0,-30.71232876712329,-5.435616438356164,53.5989010989011,-32.43561643835616,-26.734246575342464,7.742465753424658
GB-LEW,33558880.0,Lewisham,London,2021.0,-19.55890410958904,4.63013698630137,50.0027397260274,-39.4986301369863,-43.271232876712325,13.36986301369863
GB-LIV,38509462.0,Liverpool,North West,2021.0,-25.742465753424657,-6.0849315068493155,-4.016438356164383,-42.83287671232877,-34.326027397260276,8.783561643835617
GB-LUT,5523042.0,Luton,East of England,2021.0,-18.96712328767123,-3.3753424657534246,-21.0,-53.534246575342465,-22.632876712328766,8.101369863013698
GB-MAN,33357482.0,Manchester,North West,2021.0,-33.87671232876713,-7.808219178082192,7.5479452054794525,-51.3041095890411,-35.09041095890411,9.772602739726027
GB-MDW,7185176.0,Medway,South East,2021.0,-22.55068493150685,2.263013698630137,36.14835164835165,-32.31232876712329,-32.16712328767123,9.202739726027398
GB-MTY,345448.0,Merthyr Tydfil - Merthyr Tudful,Wales,2021.0,-21.10958904109589,-0.5287671232876713,,-30.54983922829582,-29.504109589041096,8.82375478927203
GB-MRT,15554476.0,Merton,London,2021.0,-31.838356164383562,-9.473972602739726,24.339726027397262,-43.35616438356164,-39.85753424657534,12.76986301369863
GB-MDB,1237650.0,Middlesbrough,North East,2021.0,-22.747945205479454,4.654794520547945,2.3214285714285716,-37.26849315068493,-21.12876712328767,6.463013698630137
GB-MLN,322194.0,Midlothian,Scotland,2021.0,-15.816438356164383,10.526027397260274,11.467532467532468,-30.942465753424656,-32.131506849315066,10.568181818181818
GB-MIK,5073814.0,Milton Keynes,South East,2021.0,-22.934246575342467,-6.156164383561644,25.312328767123287,-37.79178082191781,-30.852054794520548,10.506849315068493
GB-MON,605468.0,Monmouthshire - Sir Fynwy,Wales,2021.0,-11.663013698630136,-6.583561643835616,16.049586776859503,-7.092178770949721,-34.18904109589041,10.731800766283525
GB-MRY,336678.0,Moray,Scotland,2021.0,-10.8,-2.180821917808219,23.1699604743083,-31.319488817891372,-29.2986301369863,6.511475409836065
GB-NTL,995398.0,Neath Port Talbot - Castell-nedd Port Talbot,Wales,2021.0,-15.421917808219177,24.24931506849315,20.708333333333332,-52.47397260273973,-25.410958904109588,7.83013698630137
GB-NET,7054492.0,Newcastle upon Tyne,North East,2021.0,-32.8027397260274,-3.052054794520548,52.75342465753425,-43.97260273972603,-35.084931506849315,9.764383561643836
GB-NWM,45266260.0,Newham,London,2021.0,-32.15068493150685,-4.83013698630137,175.60714285714286,-39.98082191780822,-34.635616438356166,9.964383561643835
GB-NWP,1881902.0,Newport - Casnewydd,Wales,2021.0,-22.32054794520548,-1.284931506849315,18.165178571428573,-34.6958904109589,-29.78904109589041,9.063013698630137
GB-NAY,1967948.0,North Ayrshire,Scotland,2021.0,-10.4,14.673972602739726,-0.5416666666666666,-4.038356164383561,-27.893150684931506,8.013698630136986
GB-NEL,602246.0,North East Lincolnshire,Yorkshire and The Humber,2021.0,-16.81095890410959,1.547945205479452,25.15868263473054,-8.07945205479452,-21.654794520547945,5.887671232876713
GB-NLK,4263680.0,North Lanarkshire,Scotland,2021.0,-15.621917808219179,-1.8082191780821917,,-35.635616438356166,-24.73972602739726,9.101369863013698
GB-NLN,379970.0,North Lincolnshire,Yorkshire and The Humber,2021.0,-17.676712328767124,7.3863013698630136,3.372602739726027,-22.65753424657534,-22.91780821917808,6.435616438356164
GB-NNH,1932556.0,North Northamptonshire,East Midlands,,,,,,,
GB-NSM,1708282.0,North Somerset,South West,2021.0,-16.93972602739726,3.7945205479452055,47.68219178082192,-42.443835616438356,-27.487671232876714,9.652054794520549
GB-NYK,6836462.0,North Yorkshire,Yorkshire and The Humber,2021.0,-12.830136986301369,5.802739726027397,73.84383561643835,-5.701369863013698,-34.26027397260274,8.158904109589042
GB-NBL,2083164.0,Northumberland,North East,2021.0,-13.128767123287671,11.202739726027398,87.4876712328767,-25.054794520547944,-27.4986301369863,7.657534246575342
GB-NGM,5245942.0,Nottingham,East Midlands,2021.0,-39.62465753424657,-4.227397260273973,72.70798898071625,-45.487671232876714,-33.37534246575343,8.421917808219177
GB-OLD,278922.0,Oldham,North West,2021.0,-19.797260273972604,-0.33424657534246577,46.73829201101928,-30.44931506849315,-29.794520547945204,7.76986301369863
GB-PEM,300974.0,Pembrokeshire - Sir Benfro,Wales,2021.0,4.082191780821918,29.296703296703296,106.45625,-33.260989010989015,-21.512328767123286,5.973988439306359
GB-PKN,815584.0,Perth and Kinross,Scotland,2021.0,-19.38082191780822,-3.326027397260274,45.044077134986225,-27.232876712328768,-32.49041095890411,8.372602739726027
GB-PTE,3719850.0,Peterborough,East of England,2021.0,-28.21095890410959,1.8712328767123287,-6.9523809523809526,-39.54246575342466,-26.153424657534245,7.610958904109589
GB-PLY,2047786.0,Plymouth,South West,2021.0,-26.693150684931506,-3.2958904109589042,46.778082191780825,-21.77260273972603,-24.726027397260275,7.67945205479452
GB-POR,5334012.0,Portsmouth,South East,2021.0,-23.827397260273973,-7.120547945205479,32.483253588516746,-20.693150684931506,-35.38630136986301,8.849315068493151
GB-RDG,9340028.0,Reading,South East,2021.0,-31.432876712328767,0.9041095890410958,30.83937823834197,-51.81643835616438,-38.136986301369866,13.032876712328767
GB-RDB,12287128.0,Redbridge,London,2021.0,-27.863013698630137,-3.052054794520548,17.03287671232877,-43.95890410958904,-42.827397260273976,10.926027397260274
GB-RCC,819956.0,Redcar and Cleveland,North East,2021.0,-22.44931506849315,3.767123287671233,3.8045112781954886,-30.82191780821918,-24.43013698630137,6.983561643835617
GB-RFW,3825420.0,Renfrewshire,Scotland,2021.0,-25.24109589041096,18.13150684931507,22.270833333333332,-49.35632183908046,-31.846575342465755,10.213698630136987
GB-RCT,2157750.0,Rhondda Cynon Taf - Rhondda Cynon Taf,Wales,2021.0,-18.684931506849313,3.6054794520547944,19.619926199261993,-42.679452054794524,-24.002739726027396,8.219178082191782
GB-RIC,18164464.0,Richmond upon Thames,London,2021.0,-27.923287671232877,1.641095890410959,33.484931506849314,-45.80821917808219,-50.85205479452055,14.131506849315068
GB-RCH,1808550.0,Rochdale,North West,2021.0,-15.723287671232876,-3.5315068493150683,49.52646239554318,-18.673972602739727,-20.295890410958904,8.265753424657534
GB-ROT,674674.0,Rotherham,Yorkshire and The Humber,2021.0,-15.468493150684932,2.1397260273972605,31.50958904109589,-30.043835616438358,-24.01095890410959,7.934246575342466
GB-RUT,154014.0,Rutland,East Midlands,2021.0,-39.95744680851064,,-51.55555555555556,,-32.95297805642633,7.48
GB-SLF,2246346.0,Salford,North West,2021.0,-14.153424657534247,-1.1123287671232878,37.295890410958904,-40.56712328767123,-32.88767123287671,9.673972602739726
GB-SAW,3856796.0,Sandwell,West Midlands,2021.0,-15.95890410958904,1.0986301369863014,11.479452054794521,-28.367123287671234,-26.904109589041095,7.76986301369863
GB-SCB,433862.0,Scottish Borders,Scotland,2021.0,-7.63013698630137,2.56986301369863,41.47138047138047,-38.26301369863014,-28.326027397260273,7.252199413489736
GB-SFT,14757328.0,Sefton,North West,2021.0,-20.03013698630137,-0.9698630136986301,34.85479452054795,-38.136986301369866,-34.21917808219178,9.136986301369863
GB-SHF,8974542.0,Sheffield,Yorkshire and The Humber,2021.0,-25.997260273972604,1.3616438356164384,20.797260273972604,-39.00821917808219,-32.80821917808219,9.402739726027397
GB-SHR,2533254.0,Shropshire,West Midlands,,,,,,,
GB-SLG,5024846.0,Slough,South East,2021.0,-22.065753424657533,-15.780821917808218,19.505,-43.52328767123288,-34.38082191780822,10.145205479452056
GB-SOL,5425940.0,Solihull,West Midlands,2021.0,-33.28219178082192,-2.780821917808219,31.016438356164382,-58.94794520547945,-27.731506849315068,10.96986301369863
GB-SOM,2627116.0,Somerset,South West,2021.0,-16.832876712328765,6.6219178082191785,65.08493150684932,-2.8273972602739725,-26.279452054794522,7.7534246575342465
GB-SAY,1451808.0,South Ayrshire,Scotland,2021.0,-15.150684931506849,4.652054794520548,10.790849673202615,-25.164383561643834,-28.268493150684932,8.048433048433049
GB-SGC,2207444.0,South Gloucestershire,South West,2021.0,-22.684931506849313,3.5397260273972604,56.36914600550964,-43.0986301369863,-31.03013698630137,10.876712328767123
GB-SLK,4084656.0,South Lanarkshire,Scotland,2021.0,-11.945205479452055,6.287671232876712,60.320754716981135,-25.101369863013698,-25.167123287671235,9.67945205479452
GB-STH,4768822.0,Southampton,South East,2021.0,-32.24657534246575,-2.350684931506849,12.871232876712329,-38.413698630136984,-38.704109589041096,9.408219178082192
GB-SOS,8047184.0,Southend-on-Sea,East of England,2021.0,-22.30958904109589,4.093150684931507,38.386617100371744,-44.443835616438356,-33.558904109589044,10.002739726027396
GB-SWK,67694422.0,Southwark,London,2021.0,-40.12328767123287,-11.723287671232876,8.487671232876712,-46.81369863013698,-39.64931506849315,13.553424657534247
GB-SHN,2445462.0,St. Helens,North West,2021.0,-20.076712328767123,-7.786301369863014,45.33972602739726,-36.082191780821915,-32.912328767123284,8.372602739726027
GB-STG,1857330.0,Stirling,Scotland,2021.0,-24.698630136986303,8.432876712328767,32.85164835164835,-38.87945205479452,-36.43561643835616,11.593869731800766
GB-SKP,6083950.0,Stockport,North West,2021.0,-21.64109589041096,-1.7397260273972603,32.57260273972603,-45.26575342465753,-35.92876712328767,10.753424657534246
GB-STT,902794.0,Stockton-on-Tees,North East,2021.0,-22.528767123287672,10.797260273972602,18.15015015015015,-35.37808219178082,-25.92054794520548,8.0
GB-STE,2389812.0,Stoke-on-Trent,West Midlands,2021.0,-21.487671232876714,2.2164383561643834,24.588014981273407,-39.69041095890411,-24.46301369863014,6.978082191780822
GB-SND,385822.0,Sunderland,North East,2021.0,-25.41917808219178,1.1315068493150684,12.424657534246576,-27.16986301369863,-30.23835616438356,8.191780821917808
GB-STN,7951864.0,Sutton,London,2021.0,-22.832876712328765,-5.104109589041096,44.07945205479452,-47.93424657534246,-42.178082191780824,12.172602739726027
GB-SWA,1605952.0,Swansea - Abertawe,Wales,2021.0,-22.82191780821918,-0.34794520547945207,57.99373040752351,-40.9972602739726,-33.28493150684932,8.852054794520548
GB-SWD,2048246.0,Swindon,South West,2021.0,-24.876712328767123,-6.917808219178082,12.5,-40.53150684931507,-31.594520547945205,9.542465753424658
GB-TAM,1868184.0,Tameside,North West,2021.0,-30.101369863013698,-3.4794520547945207,47.554016620498615,-27.887671232876713,-31.923287671232877,8.978082191780821
GB-TFW,1215646.0,Telford and Wrekin,West Midlands,2021.0,-11.512328767123288,9.978082191780821,50.23545706371191,-32.97808219178082,-16.095890410958905,8.189041095890412
GB-THR,7557866.0,Thurrock,East of England,2021.0,-23.553424657534247,-6.068493150684931,1.452054794520548,-25.745205479452054,-32.221917808219175,8.92876712328767
GB-TOB,1292586.0,Torbay,South West,2021.0,-8.597260273972603,18.07945205479452,76.09748427672956,-13.517808219178082,-22.33150684931507,6.920547945205479
GB-TWH,22447690.0,Tower Hamlets,London,2021.0,-43.87945205479452,-10.67123287671233,-5.2684931506849315,-50.66027397260274,-46.205479452054796,14.104109589041096
GB-TRF,769354.0,Trafford,North West,2021.0,-23.65753424657534,-3.6,-15.704109589041096,-41.679452054794524,-39.88767123287671,11.756164383561643
GB-VGL,1960910.0,Vale of Glamorgan - Bro Morgannwg,Wales,2021.0,-1.126027397260274,9.805479452054794,26.84175084175084,-36.1013698630137,-33.013698630136986,9.67945205479452
GB-WKF,4213226.0,Wakefield,Yorkshire and The Humber,2021.0,-23.956164383561642,5.402739726027397,21.76164383561644,-29.934246575342467,-26.0986301369863,8.09041095890411
GB-WLL,923732.0,Walsall,West Midlands,2021.0,-21.92054794520548,-1.9616438356164383,15.797260273972602,-33.413698630136984,-24.93972602739726,7.917808219178082
GB-WFT,13173290.0,Waltham Forest,London,2021.0,-14.717808219178082,-3.6767123287671235,22.69041095890411,-43.98082191780822,-42.40547945205479,11.276712328767124
GB-WND,35170726.0,Wandsworth,London,2021.0,-35.602739726027394,-10.860273972602739,29.813698630136987,-43.24109589041096,-42.846575342465755,15.323287671232876
GB-WRT,2615360.0,Warrington,North West,2021.0,-26.30958904109589,-0.5671232876712329,48.20168067226891,-33.56164383561644,-32.465753424657535,9.36986301369863
GB-WBK,2258134.0,West Berkshire,South East,2021.0,-26.328767123287673,-3.76986301369863,15.534246575342467,-15.936986301369863,-32.797260273972604,11.421917808219177
GB-WDU,2194960.0,West Dunbartonshire,Scotland,2021.0,-19.852054794520548,1.5452054794520549,-56.0,-27.983561643835618,-29.068493150684933,10.3258785942492
GB-WLN,2476792.0,West Lothian,Scotland,2021.0,-24.473972602739725,8.364383561643836,-3.74468085106383,-39.840255591054316,-30.923287671232877,10.04931506849315
GB-WNH,2125570.0,West Northamptonshire,East Midlands,,,,,,,
GB-WSM,83868796.0,Westminster,London,2021.0,-58.298630136986304,-24.797260273972604,-25.632876712328766,-51.679452054794524,-47.961643835616435,13.728767123287671
GB-WGN,2968188.0,Wigan,North West,2021.0,-26.87945205479452,-1.926027397260274,53.6958904109589,-38.553424657534244,-29.676712328767124,8.386301369863014
GB-WIL,4600314.0,Wiltshire,South West,2021.0,-17.742465753424657,-1.2876712328767124,35.71506849315068,-26.476712328767125,-30.0,9.273972602739725
GB-WNM,5562948.0,Windsor and Maidenhead,South East,2021.0,-22.89041095890411,-4.432876712328767,4.879452054794521,-36.45205479452055,-39.76712328767123,12.449315068493151
GB-WRL,11556288.0,Wirral,North West,2021.0,-21.03287671232877,-5.241095890410959,35.76712328767123,-34.81369863013698,-30.54794520547945,8.797260273972602
GB-WOK,2785724.0,Wokingham,South East,2021.0,-21.413698630136988,-8.167123287671233,47.55,-48.87123287671233,-40.534246575342465,13.610958904109589
GB-WLV,3453320.0,Wolverhampton,West Midlands,2021.0,-24.572602739726026,-5.090410958904109,12.12054794520548,-33.320547945205476,-27.654794520547945,7.564383561643836
GB-WRX,568654.0,Wrexham - Wrecsam,Wales,2021.0,-26.375342465753423,-4.183561643835616,9.452941176470588,-26.312328767123287,-26.484931506849314,7.213698630136986
GB-YOR,8148414.0,York,Yorkshire and The Humber,2021.0,-19.876712328767123,4.186301369863013,33.570247933884296,-32.156164383561645,-37.8054794520548,10.438356164383562
GB-ABE,2221414.0,Aberdeen City,Scotland,2022.0,-17.34027777777778,8.45138888888889,12.378472222222221,-23.395833333333332,-27.381944444444443,5.951388888888889
GB-ABD,944616.0,Aberdeenshire,Scotland,2022.0,1.9201388888888888,5.475694444444445,56.31944444444444,-34.513888888888886,-19.069444444444443,5.041666666666667
GB-ANS,663732.0,Angus,Scotland,2022.0,5.472222222222222,5.444444444444445,37.03973509933775,-22.239583333333332,-21.774305555555557,4.6882591093117405
GB-AGB,1082304.0,Argyll and Bute,Scotland,2022.0,19.553571428571427,20.399305555555557,80.991341991342,39.9375,-16.145833333333332,4.337398373983739
GB-BDG,13578066.0,Barking and Dagenham,London,2022.0,-16.895833333333332,-0.19791666666666666,55.64930555555556,-23.336805555555557,-31.54861111111111,3.7465277777777777
GB-BNE,5108060.0,Barnet,London,2022.0,-18.114583333333332,-3.2708333333333335,25.333333333333332,-28.305555555555557,-30.34375,6.5
GB-BNS,2037798.0,Barnsley,Yorkshire and The Humber,2022.0,-2.8333333333333335,1.6111111111111112,34.97569444444444,-23.80902777777778,-19.50347222222222,3.829861111111111
GB-BAS,6228956.0,Bath and North East Somerset,South West,2022.0,-12.614583333333334,-3.1006944444444446,36.95454545454545,-28.145833333333332,-26.70486111111111,5.871527777777778
GB-BDF,3181756.0,Bedford,East of England,2022.0,-13.57986111111111,-1.8472222222222223,9.092307692307692,-28.18402777777778,-20.118055555555557,5.555555555555555
GB-BEX,11610460.0,Bexley,London,2022.0,-21.145833333333332,-1.5868055555555556,31.32986111111111,-34.18402777777778,-30.29513888888889,6.076388888888889
GB-BIR,54785400.0,Birmingham,West Midlands,2022.0,-13.756944444444445,3.4722222222222223,17.40625,-31.552083333333332,-23.680555555555557,4.215277777777778
GB-BBD,1591776.0,Blackburn with Darwen,North West,2022.0,-12.118055555555555,4.909722222222222,,-29.22222222222222,-19.73611111111111,3.5
GB-BPL,2209818.0,Blackpool,North West,2022.0,8.145833333333334,12.822916666666666,72.6470588235294,-0.4027777777777778,-7.961805555555555,2.9166666666666665
GB-BOL,4128874.0,Bolton,North West,2022.0,-8.95138888888889,3.9305555555555554,17.38888888888889,-18.4375,-20.600694444444443,4.222222222222222
GB-BCP,4456126.0,"Bournemouth, Christchurch and Poole",South West,,,,,,,
GB-BRC,2152806.0,Bracknell Forest,South East,2022.0,-10.743055555555555,9.940972222222221,2.8433734939759034,-41.173611111111114,-28.854166666666668,6.601398601398602
GB-BRD,11982538.0,Bradford,Yorkshire and The Humber,2022.0,-11.131944444444445,1.8993055555555556,30.44097222222222,-19.038194444444443,-23.07638888888889,4.173611111111111
GB-BEN,25502994.0,Brent,London,2022.0,-10.413194444444445,0.7916666666666666,47.25347222222222,-25.006944444444443,-28.12847222222222,4.524305555555555
GB-BGE,1645976.0,Bridgend - Pen-y-bont ar Ogwr,Wales,2022.0,2.0069444444444446,9.819444444444445,41.39772727272727,-36.236111111111114,-22.6875,4.784722222222222
GB-BNH,19381366.0,Brighton and Hove,South East,2022.0,-10.40625,-3.8333333333333335,13.152777777777779,-27.743055555555557,-25.399305555555557,5.902777777777778
GB-BST,11165822.0,"Bristol, City of",South West,2022.0,-19.65972222222222,-6.184027777777778,24.67013888888889,-34.017361111111114,-29.163194444444443,6.211805555555555
GB-BRY,27209682.0,Bromley,London,2022.0,-14.934027777777779,4.635416666666667,12.135416666666666,-32.00347222222222,-31.774305555555557,7.642361111111111
GB-BKM,10459314.0,Buckinghamshire,South East,2022.0,-11.42013888888889,-1.7222222222222223,12.815972222222221,-24.177083333333332,-23.53125,5.96875
GB-CAY,1810716.0,Caerphilly - Caerffili,Wales,2022.0,4.940972222222222,3.3090277777777777,22.4672131147541,-32.10069444444444,-22.506944444444443,4.5625
GB-CLD,3506432.0,Calderdale,Yorkshire and The Humber,2022.0,-6.677083333333333,6.013888888888889,-10.572916666666666,-20.538194444444443,-19.20138888888889,4.861111111111111
GB-CMD,144004778.0,Camden,London,2022.0,-36.197916666666664,-14.684027777777779,0.65625,-17.180555555555557,-33.614583333333336,7.170138888888889
GB-CRF,15040816.0,Cardiff - Caerdydd,Wales,2022.0,-21.694444444444443,-6.059027777777778,12.041666666666666,-30.0625,-35.864583333333336,6.076388888888889
GB-CMN,780224.0,Carmarthenshire - Sir Gaerfyrddin,Wales,2022.0,-11.777777777777779,30.211805555555557,69.15053763440861,-39.50694444444444,-20.135416666666668,4.361111111111111
GB-CBF,4434740.0,Central Bedfordshire,East of England,2022.0,-5.302083333333333,8.64236111111111,32.96113074204947,-7.15625,-23.118055555555557,5.614583333333333
GB-CHE,7305566.0,Cheshire East,North West,2022.0,-6.246527777777778,4.059027777777778,26.26736111111111,-4.020833333333333,-24.26388888888889,5.305555555555555
GB-CHW,7259588.0,Cheshire West and Chester,North West,2022.0,-7.75,4.815972222222222,23.79513888888889,-29.444444444444443,-23.836805555555557,4.934027777777778
GB-CLK,355280.0,Clackmannanshire,Scotland,2022.0,-7.245901639344262,8.222222222222221,,-46.370370370370374,-21.13888888888889,6.380487804878049
GB-CON,6416292.0,Cornwall,South West,2022.0,20.479166666666668,25.145833333333332,158.79861111111111,9.190972222222221,-20.90972222222222,3.111111111111111
GB-COV,6876500.0,Coventry,West Midlands,2022.0,-14.583333333333334,2.90625,8.78125,-28.50347222222222,-32.62152777777778,4.395833333333333
GB-CRY,37809046.0,Croydon,London,2022.0,-15.53125,2.84375,15.413194444444445,-30.822916666666668,-27.20138888888889,6.045138888888889
GB-DAL,2336372.0,Darlington,North East,2022.0,-7.347222222222222,4.413194444444445,-0.5833333333333334,-24.756944444444443,-22.336805555555557,4.013888888888889
GB-DEN,772554.0,Denbighshire - Sir Ddinbych,Wales,2022.0,13.770833333333334,18.03472222222222,42.22222222222222,-15.13888888888889,-19.458333333333332,4.376518218623482
GB-DER,3390214.0,Derby,East Midlands,2022.0,-14.61111111111111,9.04861111111111,40.04205607476636,-29.805555555555557,-24.399305555555557,4.142361111111111
GB-DNC,4287194.0,Doncaster,Yorkshire and The Humber,2022.0,-4.434027777777778,5.944444444444445,34.642361111111114,-33.68402777777778,-22.399305555555557,3.361111111111111
GB-DOR,2136770.0,Dorset,South West,2022.0,-7.375,14.4375,119.02777777777777,-11.100694444444445,-22.708333333333332,4.190972222222222
GB-DUD,1966092.0,Dudley,West Midlands,2022.0,-9.86111111111111,6.857638888888889,-3.704861111111111,-23.57638888888889,-21.76388888888889,4.260416666666667
GB-DGY,609952.0,Dumfries and Galloway,Scotland,2022.0,9.371527777777779,22.19097222222222,82.47569444444444,12.583333333333334,-16.65277777777778,3.0659722222222223
GB-DND,1537828.0,Dundee City,Scotland,2022.0,-13.819444444444445,5.065972222222222,12.41326530612245,-12.96875,-23.475694444444443,4.270833333333333
GB-EAL,18442770.0,Ealing,London,2022.0,-14.520833333333334,-0.9236111111111112,32.88194444444444,-28.975694444444443,-29.760416666666668,5.222222222222222
GB-EAY,716924.0,East Ayrshire,Scotland,2022.0,-3.8958333333333335,12.916666666666666,,-23.25,-23.06597222222222,4.246527777777778
GB-EDU,2659302.0,East Dunbartonshire,Scotland,2022.0,-3.048611111111111,13.677083333333334,,-32.395833333333336,-29.319444444444443,8.317972350230415
GB-ELN,1753098.0,East Lothian,Scotland,2022.0,7.472222222222222,8.378472222222221,42.7027027027027,-9.135416666666666,-26.135416666666668,6.672064777327935
GB-ERW,2329650.0,East Renfrewshire,Scotland,2022.0,-5.975694444444445,10.552083333333334,-23.6,-29.39676113360324,-30.604166666666668,8.907317073170733
GB-ERY,2569614.0,East Riding of Yorkshire,Yorkshire and The Humber,2022.0,7.666666666666667,12.458333333333334,122.37630662020906,-15.725694444444445,-17.42013888888889,3.798611111111111
GB-ENF,17583570.0,Enfield,London,2022.0,-20.291666666666668,-8.350694444444445,18.333333333333332,-39.173611111111114,-29.82638888888889,5.09375
GB-FAL,2353606.0,Falkirk,Scotland,2022.0,-5.784722222222222,-3.9097222222222223,44.70238095238095,-35.638888888888886,-25.1875,5.277777777777778
GB-FIF,3588904.0,Fife,Scotland,2022.0,-3.329861111111111,11.690972222222221,52.270833333333336,-29.416666666666668,-17.875,4.802083333333333
GB-FLN,517826.0,Flintshire - Sir y Fflint,Wales,2022.0,-7.444444444444445,2.1493055555555554,23.4468085106383,-46.93055555555556,-21.270833333333332,4.222222222222222
GB-GAT,418608.0,Gateshead,North East,2022.0,-10.822916666666666,5.274305555555555,37.979166666666664,-40.201388888888886,-19.52777777777778,4.899305555555555
GB-GLG,51623790.0,Glasgow City,Scotland,2022.0,-18.927083333333332,-2.642361111111111,4.652777777777778,-38.125,-25.819444444444443,5.868055555555555
GB-GRE,30230534.0,Greenwich,London,2022.0,-11.722222222222221,1.2534722222222223,3.4340277777777777,-17.71527777777778,-34.239583333333336,6.361111111111111
GB-HCK,35472772.0,Hackney,London,2022.0,-28.29513888888889,-5.40625,14.409722222222221,-36.75347222222222,-32.93402777777778,6.173611111111111
GB-HAL,1236360.0,Halton,North West,2022.0,-10.14236111111111,0.7256944444444444,-0.3787878787878788,-35.35069444444444,-23.586805555555557,4.222222222222222
GB-HMF,11922698.0,Hammersmith and Fulham,London,2022.0,-30.97222222222222,-12.010416666666666,12.215277777777779,-37.90972222222222,-39.03472222222222,6.840277777777778
GB-HRY,23669102.0,Haringey,London,2022.0,-21.70138888888889,-11.565972222222221,3.5104166666666665,-30.15277777777778,-38.6875,5.451388888888889
GB-HRW,6397880.0,Harrow,London,2022.0,-11.461805555555555,8.996527777777779,70.71527777777777,-16.916666666666668,-18.51736111111111,5.888888888888889
GB-HPL,618102.0,Hartlepool,North East,2022.0,-15.458333333333334,6.472222222222222,,-22.625,-14.319444444444445,3.659919028340081
GB-HAV,23594920.0,Havering,London,2022.0,-14.413194444444445,1.5520833333333333,13.159722222222221,-24.28472222222222,-25.010416666666668,5.489583333333333
GB-HLD,1868562.0,Highland,Scotland,2022.0,19.854166666666668,13.0625,159.89930555555554,7.204861111111111,-18.84722222222222,3.295138888888889
GB-HIL,16121658.0,Hillingdon,London,2022.0,-13.364583333333334,-6.131944444444445,66.49305555555556,-16.38888888888889,-27.524305555555557,5.083333333333333
GB-HNS,9501504.0,Hounslow,London,2022.0,-10.809027777777779,4.381944444444445,22.28125,-18.99652777777778,-24.00347222222222,4.663194444444445
GB-IVC,1723472.0,Inverclyde,Scotland,2022.0,-7.798611111111111,5.993055555555555,,-5.421052631578948,-25.149305555555557,6.509708737864078
GB-IOW,571026.0,Isle of Wight,South East,2022.0,19.125,28.041666666666668,96.11510791366906,18.70486111111111,-8.302083333333334,2.8159722222222223
GB-ISL,72697516.0,Islington,London,2022.0,-39.50694444444444,-17.322916666666668,7.496527777777778,-64.55555555555556,-39.65277777777778,8.03125
GB-KEC,2281904.0,Kensington and Chelsea,London,2022.0,-29.479166666666668,-1.4340277777777777,-7.371527777777778,-37.14930555555556,-36.99652777777778,6.899305555555555
GB-KTT,17591860.0,Kingston upon Thames,London,2022.0,-21.87152777777778,-8.479166666666666,72.8989898989899,-28.48611111111111,-29.100694444444443,7.208333333333333
GB-KIR,5478798.0,Kirklees,Yorkshire and The Humber,2022.0,-3.9131944444444446,6.100694444444445,52.72569444444444,-33.701388888888886,-15.979166666666666,4.614583333333333
GB-KWL,3260662.0,Knowsley,North West,2022.0,-19.29861111111111,31.010416666666668,8.145669291338583,-48.40277777777778,-12.600694444444445,4.350694444444445
GB-LBH,91351180.0,Lambeth,London,2022.0,-28.63888888888889,-11.309027777777779,56.392361111111114,-32.25,-29.302083333333332,6.9375
GB-LDS,29173924.0,Leeds,Yorkshire and The Humber,2022.0,-15.572916666666666,2.3784722222222223,24.979166666666668,-24.34722222222222,-27.10763888888889,5.760416666666667
GB-LCE,4869836.0,Leicester,East Midlands,2022.0,-19.42013888888889,0.4548611111111111,35.944250871080136,-26.697916666666668,-18.76388888888889,3.3541666666666665
GB-LEW,40899104.0,Lewisham,London,2022.0,-7.21875,-0.13194444444444445,19.243055555555557,-27.34027777777778,-34.864583333333336,6.934027777777778
GB-LIV,41820700.0,Liverpool,North West,2022.0,-10.135416666666666,-8.64236111111111,-12.59375,-24.21875,-26.76388888888889,4.590277777777778
GB-LUT,8430330.0,Luton,East of England,2022.0,-8.427083333333334,-3.0104166666666665,-8.333333333333334,-8.85763888888889,-15.89236111111111,3.2916666666666665
GB-MAN,41257562.0,Manchester,North West,2022.0,-17.43402777777778,-4.607638888888889,-0.006944444444444444,-19.07986111111111,-26.62152777777778,4.774305555555555
GB-MDW,8405106.0,Medway,South East,2022.0,-12.82638888888889,2.954861111111111,36.43706293706294,-19.54861111111111,-25.03125,4.586805555555555
GB-MTY,411484.0,Merthyr Tydfil - Merthyr Tudful,Wales,2022.0,-15.256944444444445,8.020833333333334,,-29.1869918699187,-25.399305555555557,4.990243902439024
GB-MRT,18310370.0,Merton,London,2022.0,-23.95486111111111,-8.85763888888889,-5.708333333333333,-30.28125,-31.618055555555557,6.604166666666667
GB-MDB,1413530.0,Middlesbrough,North East,2022.0,-12.288194444444445,13.15625,6.2784810126582276,-18.67361111111111,-11.128472222222221,2.1631944444444446
GB-MLN,454500.0,Midlothian,Scotland,2022.0,-5.628472222222222,16.76388888888889,19.742424242424242,-13.336805555555555,-22.364583333333332,5.8125
GB-MIK,5564872.0,Milton Keynes,South East,2022.0,-7.708333333333333,-1.3541666666666667,15.743055555555555,-23.3125,-23.836805555555557,5.802083333333333
GB-MON,770702.0,Monmouthshire - Sir Fynwy,Wales,2022.0,10.510416666666666,0.9791666666666666,30.683333333333334,-33.125,-27.729166666666668,6.795121951219512
GB-MRY,381880.0,Moray,Scotland,2022.0,10.902777777777779,2.388888888888889,32.602094240837694,-28.437246963562753,-24.302083333333332,3.361788617886179
GB-NTL,1218728.0,Neath Port Talbot - Castell-nedd Port Talbot,Wales,2022.0,-1.6319444444444444,31.979166666666668,25.915343915343914,-43.576388888888886,-18.47222222222222,4.15625
GB-NET,8421862.0,Newcastle upon Tyne,North East,2022.0,-16.729166666666668,2.0902777777777777,16.336805555555557,-21.385416666666668,-26.18402777777778,4.885416666666667
GB-NWM,74035998.0,Newham,London,2022.0,-17.96527777777778,-2.6006944444444446,171.0836236933798,-23.87152777777778,-22.73611111111111,4.1875
GB-NWP,2510228.0,Newport - Casnewydd,Wales,2022.0,-11.458333333333334,1.8888888888888888,21.1,-25.52777777777778,-23.552083333333332,4.899305555555555
GB-NAY,2514020.0,North Ayrshire,Scotland,2022.0,3.9409722222222223,19.29513888888889,1.1153846153846154,8.291666666666666,-19.71875,4.333333333333333
GB-NEL,565134.0,North East Lincolnshire,Yorkshire and The Humber,2022.0,-3.423611111111111,3.2395833333333335,35.80442804428044,-7.336805555555555,-14.788194444444445,2.3958333333333335
GB-NLK,5836976.0,North Lanarkshire,Scotland,2022.0,-5.673611111111111,2.5069444444444446,,-31.07986111111111,-16.177083333333332,5.15625
GB-NLN,350354.0,North Lincolnshire,Yorkshire and The Humber,2022.0,-9.006944444444445,11.270833333333334,8.850174216027874,-17.34375,-14.42361111111111,3.1909722222222223
GB-NNH,2149044.0,North Northamptonshire,East Midlands,,,,,,,
GB-NSM,2220186.0,North Somerset,South West,2022.0,-5.715277777777778,11.82986111111111,51.951388888888886,7.329861111111111,-19.9375,5.197916666666667
GB-NYK,7689260.0,North Yorkshire,Yorkshire and The Humber,2022.0,2.9652777777777777,12.694444444444445,83.9375,5.045138888888889,-28.069444444444443,4.180555555555555
GB-NBL,2323668.0,Northumberland,North East,2022.0,2.1180555555555554,18.604166666666668,102.91319444444444,-23.64236111111111,-17.618055555555557,3.9583333333333335
GB-NGM,6795894.0,Nottingham,East Midlands,2022.0,-25.23263888888889,-1.3159722222222223,64.49305555555556,-39.329861111111114,-24.868055555555557,3.923611111111111
GB-OLD,246564.0,Oldham,North West,2022.0,-8.618055555555555,3.2152777777777777,44.010416666666664,-29.177083333333332,-24.427083333333332,3.59375
GB-PEM,395924.0,Pembrokeshire - Sir Benfro,Wales,2022.0,24.45138888888889,39.20905923344948,148.77689243027888,-18.0,-11.715277777777779,3.2775800711743774
GB-PKN,945204.0,Perth and Kinross,Scotland,2022.0,-2.1215277777777777,0.5659722222222222,62.03819444444444,-18.6875,-24.54861111111111,4.451388888888889
GB-PTE,4519016.0,Peterborough,East of England,2022.0,-19.59027777777778,9.0,-0.4,-28.90277777777778,-21.51736111111111,3.7083333333333335
GB-PLY,2381158.0,Plymouth,South West,2022.0,-15.434027777777779,1.4965277777777777,35.607638888888886,-13.684027777777779,-15.194444444444445,3.7395833333333335
GB-POR,6292772.0,Portsmouth,South East,2022.0,-11.614583333333334,-6.013888888888889,27.87878787878788,-1.9618055555555556,-27.913194444444443,4.1875
GB-RDG,13010838.0,Reading,South East,2022.0,-20.71875,9.434027777777779,16.76525821596244,-31.5,-29.34375,7.840277777777778
GB-RDB,21163858.0,Redbridge,London,2022.0,-19.28472222222222,-3.8472222222222223,4.444444444444445,-32.71875,-36.39930555555556,5.4375
GB-RCC,923096.0,Redcar and Cleveland,North East,2022.0,-8.180555555555555,9.784722222222221,46.53086419753087,-30.93402777777778,-17.166666666666668,3.3472222222222223
GB-RFW,4862320.0,Renfrewshire,Scotland,2022.0,-13.399305555555555,23.8125,31.137931034482758,-16.336585365853658,-23.51388888888889,5.659722222222222
GB-RCT,2780724.0,Rhondda Cynon Taf - Rhondda Cynon Taf,Wales,2022.0,-7.791666666666667,11.444444444444445,31.525114155251142,-39.16319444444444,-17.04513888888889,4.444444444444445
GB-RIC,22762170.0,Richmond upon Thames,London,2022.0,-21.92013888888889,-1.7326388888888888,11.461805555555555,-34.125,-43.263888888888886,7.65625
GB-RCH,2133772.0,Rochdale,North West,2022.0,-3.767361111111111,3.798611111111111,40.19444444444444,-10.59375,-12.600694444444445,4.239583333333333
GB-ROT,672386.0,Rotherham,Yorkshire and The Humber,2022.0,-0.7951388888888888,7.534722222222222,30.413194444444443,-27.930555555555557,-15.760416666666666,4.020833333333333
GB-RUT,172176.0,Rutland,East Midlands,2022.0,-9.736842105263158,,-43.0,,-24.931174089068826,5.516129032258065
GB-SLF,2602030.0,Salford,North West,2022.0,-2.8993055555555554,2.4166666666666665,11.125,-33.50347222222222,-24.78125,5.152777777777778
GB-SAW,4918790.0,Sandwell,West Midlands,2022.0,-8.42361111111111,4.135416666666667,1.8854166666666667,-18.07986111111111,-18.89236111111111,3.3854166666666665
GB-SCB,643244.0,Scottish Borders,Scotland,2022.0,2.3506944444444446,6.916666666666667,61.78111587982833,-31.37152777777778,-20.36111111111111,4.178571428571429
GB-SFT,16288072.0,Sefton,North West,2022.0,-9.84375,-0.06944444444444445,8.649305555555555,-32.53472222222222,-27.680555555555557,5.177083333333333
GB-SHF,10624170.0,Sheffield,Yorkshire and The Humber,2022.0,-11.70486111111111,5.104166666666667,11.444444444444445,-28.27777777777778,-24.180555555555557,4.6875
GB-SHR,2988178.0,Shropshire,West Midlands,,,,,,,
GB-SLG,6554746.0,Slough,South East,2022.0,-18.100694444444443,-16.239583333333332,12.529411764705882,-28.944444444444443,-29.270833333333332,5.180555555555555
GB-SOL,8032618.0,Solihull,West Midlands,2022.0,-16.65972222222222,5.802083333333333,34.357638888888886,-22.78125,-16.024305555555557,5.965277777777778
GB-SOM,3167604.0,Somerset,South West,2022.0,-1.0902777777777777,13.916666666666666,82.88541666666667,11.73263888888889,-18.59722222222222,3.892361111111111
GB-SAY,1732368.0,South Ayrshire,Scotland,2022.0,-4.010416666666667,10.506944444444445,33.87341772151899,-12.416666666666666,-18.770833333333332,4.311188811188811
GB-SGC,2889906.0,South Gloucestershire,South West,2022.0,-9.84375,9.34375,37.75347222222222,-35.75694444444444,-23.038194444444443,6.086805555555555
GB-SLK,5536690.0,South Lanarkshire,Scotland,2022.0,-3.3645833333333335,9.82638888888889,62.737451737451735,-15.26736111111111,-16.125,5.465277777777778
GB-STH,6046152.0,Southampton,South East,2022.0,-17.90972222222222,1.8229166666666667,-0.2569444444444444,-19.850694444444443,-31.506944444444443,4.555555555555555
GB-SOS,9499594.0,Southend-on-Sea,East of England,2022.0,-8.92361111111111,9.51388888888889,34.4251012145749,-38.28819444444444,-26.12847222222222,5.21875
GB-SWK,89168872.0,Southwark,London,2022.0,-27.60763888888889,-10.315972222222221,0.020833333333333332,-31.038194444444443,-26.8125,6.40625
GB-SHN,2587906.0,St. Helens,North West,2022.0,-11.503472222222221,-8.715277777777779,40.84027777777778,-32.451388888888886,-28.40277777777778,4.392361111111111
GB-STG,2502264.0,Stirling,Scotland,2022.0,-4.618055555555555,15.569444444444445,53.82867132867133,-23.75347222222222,-29.086805555555557,7.029268292682927
GB-SKP,6885962.0,Stockport,North West,2022.0,-9.270833333333334,1.4097222222222223,14.131944444444445,-38.3125,-29.569444444444443,5.920138888888889
GB-STT,1045082.0,Stockton-on-Tees,North East,2022.0,-15.465277777777779,11.944444444444445,16.866906474820144,-30.67361111111111,-19.4375,3.954861111111111
GB-STE,2618754.0,Stoke-on-Trent,West Midlands,2022.0,-9.225694444444445,8.54861111111111,25.35632183908046,-31.708333333333332,-18.65277777777778,3.232638888888889
GB-SND,481814.0,Sunderland,North East,2022.0,-11.177083333333334,2.670138888888889,-4.100694444444445,-22.618055555555557,-22.694444444444443,4.059027777777778
GB-STN,9450726.0,Sutton,London,2022.0,-19.180555555555557,-3.5034722222222223,29.20486111111111,-40.56944444444444,-35.02777777777778,6.715277777777778
GB-SWA,2027720.0,Swansea - Abertawe,Wales,2022.0,-8.774305555555555,5.211805555555555,65.61776061776062,-27.12152777777778,-27.50347222222222,4.819444444444445
GB-SWD,2588014.0,Swindon,South West,2022.0,-15.739583333333334,-1.9513888888888888,17.0,-33.19097222222222,-27.12152777777778,5.173611111111111
GB-TAM,1768788.0,Tameside,North West,2022.0,-20.743055555555557,-2.5659722222222223,34.25,-23.586805555555557,-24.947916666666668,4.684027777777778
GB-TFW,1483292.0,Telford and Wrekin,West Midlands,2022.0,-2.5416666666666665,14.055555555555555,50.06643356643357,-33.145833333333336,-5.701388888888889,4.09375
GB-THR,8448040.0,Thurrock,East of England,2022.0,-12.916666666666666,-1.5625,-0.992,-20.305555555555557,-27.15277777777778,4.493055555555555
GB-TOB,1423692.0,Torbay,South West,2022.0,4.826388888888889,25.493055555555557,80.52107279693486,0.14930555555555555,-12.645833333333334,3.3368055555555554
GB-TWH,50793822.0,Tower Hamlets,London,2022.0,-22.770833333333332,-7.972222222222222,-0.6180555555555556,-38.361111111111114,-34.638888888888886,6.958333333333333
GB-TRF,868122.0,Trafford,North West,2022.0,-8.722222222222221,-1.0625,-19.59375,-32.06944444444444,-32.81944444444444,6.576388888888889
GB-VGL,2577120.0,Vale of Glamorgan - Bro Morgannwg,Wales,2022.0,9.20138888888889,14.940972222222221,32.356846473029044,-20.01388888888889,-26.899305555555557,5.569444444444445
GB-WKF,4753162.0,Wakefield,Yorkshire and The Humber,2022.0,-13.444444444444445,10.57638888888889,30.97222222222222,-26.680555555555557,-19.14236111111111,4.236111111111111
GB-WLL,1123646.0,Walsall,West Midlands,2022.0,-12.15625,1.2951388888888888,6.607638888888889,-25.79861111111111,-18.083333333333332,3.8368055555555554
GB-WFT,15571390.0,Waltham Forest,London,2022.0,-9.760416666666666,-5.361111111111111,-2.8055555555555554,-33.701388888888886,-35.21527777777778,5.71875
GB-WND,41131320.0,Wandsworth,London,2022.0,-27.5625,-16.743055555555557,7.097222222222222,-27.649305555555557,-31.92013888888889,7.916666666666667
GB-WRT,2999570.0,Warrington,North West,2022.0,-13.82638888888889,4.805555555555555,43.14563106796116,-12.336805555555555,-25.62152777777778,4.90625
GB-WBK,2758036.0,West Berkshire,South East,2022.0,-12.78125,0.4722222222222222,25.93402777777778,4.892361111111111,-23.68402777777778,6.503472222222222
GB-WDU,2818080.0,West Dunbartonshire,Scotland,2022.0,-8.697916666666666,4.798611111111111,,-30.947916666666668,-21.770833333333332,6.230769230769231
GB-WLN,3331264.0,West Lothian,Scotland,2022.0,-13.128472222222221,11.378472222222221,-2.0,-36.016260162601625,-23.93402777777778,5.822916666666667
GB-WNH,2711856.0,West Northamptonshire,East Midlands,,,,,,,
GB-WSM,150646302.0,Westminster,London,2022.0,-35.888888888888886,-11.26736111111111,-15.09375,-25.62152777777778,-35.364583333333336,6.545138888888889
GB-WGN,3019140.0,Wigan,North West,2022.0,-14.23611111111111,-1.8923611111111112,41.15972222222222,-24.93402777777778,-23.99652777777778,4.357638888888889
GB-WIL,5584530.0,Wiltshire,South West,2022.0,-6.055555555555555,5.46875,34.87847222222222,-16.572916666666668,-23.194444444444443,5.048611111111111
GB-WNM,7744608.0,Windsor and Maidenhead,South East,2022.0,-10.190972222222221,1.3958333333333333,29.04513888888889,-20.756944444444443,-31.944444444444443,6.913194444444445
GB-WRL,12858948.0,Wirral,North West,2022.0,-10.40625,-2.6840277777777777,21.805555555555557,-31.00347222222222,-22.541666666666668,4.739583333333333
GB-WOK,3551294.0,Wokingham,South East,2022.0,-3.9097222222222223,-1.1840277777777777,29.150793650793652,-37.06944444444444,-32.72569444444444,8.03125
GB-WLV,4445864.0,Wolverhampton,West Midlands,2022.0,-12.128472222222221,1.5277777777777777,6.329861111111111,-25.96875,-20.49652777777778,3.4305555555555554
GB-WRX,714320.0,Wrexham - Wrecsam,Wales,2022.0,-14.152777777777779,2.3125,28.43243243243243,-37.03472222222222,-19.62847222222222,3.4583333333333335
GB-YOR,8935122.0,York,Yorkshire and The Humber,2022.0,-5.597222222222222,8.302083333333334,29.59722222222222,-19.98611111111111,-28.03125,5.291666666666667
