Location_name,year,ISO_code,retail_and_recreation_percent_change_from_baseline,grocery_and_pharmacy_percent_change_from_baseline,parks_percent_change_from_baseline,transit_stations_percent_change_from_baseline,workplaces_percent_change_from_baseline,residential_percent_change_from_baseline
Aberdeen City,2020,GB-ABE,-49.15555555555556,-13.513245033112582,19.477351916376307,-44.717460317460315,-42.32380952380952,14.578947368421053
Aberdeenshire,2020,GB-ABD,-28.93581081081081,-13.56953642384106,19.04778156996587,-35.527027027027025,-37.58095238095238,12.513513513513514
Angus Council,2020,GB-ANS,-27.83108108108108,-7.993243243243243,10.69811320754717,-28.635135135135137,-33.96507936507936,10.771689497716896
Antrim and Newtownabbey,2020,GB-ANN,-30.699324324324323,-11.33445945945946,-33.53061224489796,-52.192567567567565,-35.26031746031746,13.347985347985349
Ards and North Down,2020,GB-AND,-28.847972972972972,-4.3074324324324325,-0.7612456747404844,-42.12775330396476,-37.12063492063492,13.057761732851986
Argyll and Bute Council,2020,GB-AGB,-23.615658362989326,-10.56418918918919,19.255555555555556,-14.597972972972974,-33.814189189189186,7.771241830065359
"Armagh City, Banbridge and Craigavon",2020,GB-ABC,-29.923076923076923,-8.698675496688741,-3.2140077821011674,-33.666666666666664,-31.673015873015874,10.831715210355988
Bath and North East Somerset,2020,GB-BAS,-48.01672240802676,-19.074324324324323,19.766323024054984,-45.020270270270274,-44.80952380952381,14.807407407407407
Bedford,2020,GB-BDF,-39.4180602006689,-14.281456953642385,1.569060773480663,-44.75675675675676,-34.52063492063492,13.37
Belfast,2020,GB-BFS,-39.15264797507788,-15.024922118380061,-10.227118644067797,-46.925233644859816,-40.77570093457944,13.255451713395638
Blackburn with Darwen,2020,GB-BBD,-39.060810810810814,-12.172297297297296,-37.5,-33.645270270270274,-31.095238095238095,11.63768115942029
Blackpool,2020,GB-BPL,-33.20608108108108,-7.952702702702703,13.858024691358025,-18.800675675675677,-31.384126984126983,9.620338983050848
Blaenau Gwent,2020,GB-BGW,-33.24354243542435,-12.320945945945946,,-31.31967213114754,-28.18918918918919,8.639240506329115
Borough of Halton,2020,GB-HAL,-35.141891891891895,-11.25,-7.485294117647059,-36.83783783783784,-33.06984126984127,12.296875
Bracknell Forest,2020,GB-BRC,-41.604729729729726,-12.79391891891892,6.976744186046512,-46.6554054054054,-42.20952380952381,16.419213973799128
Bridgend County Borough,2020,GB-BGE,-39.567567567567565,-8.452702702702704,7.571428571428571,-44.08445945945946,-34.96190476190476,12.988549618320612
Brighton and Hove,2020,GB-BNH,-41.72727272727273,-17.592476489028215,31.768166089965398,-46.246105919003114,-44.56190476190476,14.388349514563107
Bristol City,2020,GB-BST,-48.993769470404985,-18.174454828660437,39.597972972972975,-55.099688473520246,-43.532710280373834,15.781931464174455
Buckinghamshire,2020,GB-BKM,-37.40809968847352,-15.517133956386292,19.368243243243242,-40.1588785046729,-39.426791277258566,15.006230529595015
Caerphilly County Borough,2020,GB-CAY,-33.71283783783784,-12.341216216216216,-10.293103448275861,-38.0,-34.765079365079366,12.470588235294118
Cambridgeshire,2020,GB-CAM,-44.14330218068536,-15.669781931464174,22.256756756756758,-45.06853582554517,-40.0,14.834890965732088
Cardiff,2020,GB-CRF,-48.35202492211838,-18.83177570093458,-11.982993197278912,-55.570093457943926,-45.94025157232704,15.143302180685358
Carmarthenshire,2020,GB-CMN,-40.16891891891892,-3.608108108108108,11.417241379310346,-37.432432432432435,-33.78095238095238,11.519298245614035
Causeway Coast and Glens,2020,GB-CCG,-26.074324324324323,-1.070945945945946,-5.321678321678322,-27.044368600682596,-31.2,10.819188191881919
Central Bedfordshire,2020,GB-CBF,-34.413907284768214,-10.309375,26.399305555555557,-29.285714285714285,-36.75238095238095,14.044585987261147
Ceredigion,2020,GB-CGN,-40.36690647482014,-11.760416666666666,2.203125,-40.75313807531381,-37.86486486486486,9.063829787234043
Cheshire East,2020,GB-CHE,-37.405660377358494,-13.598130841121495,21.9222972972973,-38.67601246105919,-37.4496855345912,13.246105919003115
Cheshire West and Chester,2020,GB-CHW,-37.610591900311526,-11.819314641744548,14.277027027027026,-39.198113207547166,-37.867924528301884,12.968847352024921
Clackmannanshire,2020,GB-CLK,-26.33809523809524,-7.875,,-48.51724137931034,-34.554054054054056,9.630434782608695
Conwy Principal Area,2020,GB-CWY,-36.375,-1.9932432432432432,24.76950354609929,-26.79391891891892,-35.095238095238095,11.303643724696355
Cornwall,2020,GB-CON,-19.165079365079364,-5.177570093457944,73.58843537414965,-13.015723270440251,-31.697819314641745,9.853582554517134
County Durham,2020,GB-DUR,-33.757009345794394,-9.903426791277258,24.50337837837838,-29.040880503144653,-33.97507788161994,11.60436137071651
Cumbria,2020,GB-CMA,-29.049844236760123,-6.959501557632398,38.858108108108105,-22.528125,-34.242990654205606,11.018691588785046
Darlington,2020,GB-DAL,-37.277027027027025,-12.91554054054054,-21.925925925925927,-44.54054054054054,-33.86984126984127,12.454545454545455
Denbighshire,2020,GB-DEN,-31.949324324324323,-6.527027027027027,-1.1490909090909092,-31.925675675675677,-32.98316498316498,9.905759162303665
Derby,2020,GB-DER,-39.03115264797508,-9.476635514018692,20.16289592760181,-52.15506329113924,-36.37777777777778,12.081761006289309
Derbyshire,2020,GB-DBY,-36.73831775700935,-9.031152647975079,36.91029900332226,-26.29595015576324,-34.46105919003115,12.12461059190031
Derry and Strabane,2020,GB-DRS,-31.679054054054053,-4.388513513513513,-16.945392491467576,-36.016891891891895,-33.196825396825396,11.083333333333334
Devon,2020,GB-DEV,-32.218068535825545,-8.214953271028037,56.875838926174495,-23.218068535825545,-33.89719626168224,11.146417445482866
Dorset,2020,GB-DOR,-34.85669781931464,-8.348909657320872,65.77966101694915,-26.629283489096572,-35.88785046728972,11.56386292834891
Dumfries and Galloway,2020,GB-DGY,-30.06081081081081,-4.58445945945946,19.554794520547944,-24.277027027027028,-29.49206349206349,9.446096654275093
Dundee City Council,2020,GB-DND,-38.34113712374582,-15.47635135135135,2.304123711340206,-40.986486486486484,-39.10476190476191,11.647887323943662
East Ayrshire Council,2020,GB-EAY,-33.75,-9.628378378378379,,-36.16554054054054,-34.507936507936506,12.27450980392157
East Dunbartonshire Council,2020,GB-EDU,-28.841216216216218,0.23986486486486486,,-42.9864406779661,-40.787301587301585,13.302469135802468
East Lothian Council,2020,GB-ELN,-33.93814432989691,-5.425675675675675,2.9174311926605503,-24.388513513513512,-37.96190476190476,12.216494845360824
East Renfrewshire Council,2020,GB-ERW,-21.761904761904763,-3.972972972972973,-50.138888888888886,-40.53307392996109,-42.33968253968254,13.22875816993464
East Riding of Yorkshire,2020,GB-ERY,-32.66220735785953,-6.6257861635220126,59.08843537414966,-21.094594594594593,-32.210691823899374,11.274143302180685
East Sussex,2020,GB-ESX,-33.58255451713396,-9.22741433021807,41.9527027027027,-30.559375,-35.60436137071651,11.757009345794392
Edinburgh,2020,GB-EDH,-51.3582554517134,-17.894080996884735,0.5361842105263158,-58.99065420560748,-50.45171339563863,17.09968847352025
Essex,2020,GB-ESS,-33.97507788161994,-13.654205607476635,29.486754966887418,-51.666666666666664,-36.925233644859816,13.383177570093459
Falkirk,2020,GB-FAL,-32.597972972972975,-13.054054054054054,3.442622950819672,-42.375,-35.25396825396825,12.830985915492958
Fermanagh and Omagh,2020,GB-FMO,-32.30067567567568,-4.013513513513513,-25.19047619047619,-34.016949152542374,-30.746031746031747,10.63111111111111
Fife,2020,GB-FIF,-32.00626959247649,-6.953271028037383,29.300675675675677,-34.106918238993714,-34.21383647798742,11.725856697819315
Flintshire,2020,GB-FLN,-35.604729729729726,-13.716216216216216,-10.935714285714285,-36.141891891891895,-35.87619047619047,12.538181818181819
Glasgow City,2020,GB-GLG,-47.22118380062305,-16.713395638629283,-4.651006711409396,-58.95015576323988,-43.09034267912772,14.286604361370717
Gloucestershire,2020,GB-GLS,-38.1993769470405,-12.962616822429906,26.41554054054054,-29.46728971962617,-35.006230529595015,12.88785046728972
Greater London,2020,GB-BDG,-33.50155763239876,-9.763239875389408,49.391891891891895,-36.27725856697819,-37.389408099688474,12.679127725856699
Greater London,2020,GB-BEN,-37.60747663551402,-9.87227414330218,81.86486486486487,-41.94392523364486,-42.43613707165109,14.903426791277258
Greater London,2020,GB-BEX,-38.76323987538941,-10.825545171339565,40.70608108108108,-44.30218068535826,-40.96884735202492,15.133956386292835
Greater London,2020,GB-BNE,-36.981308411214954,-12.411214953271028,66.17905405405405,-45.11214953271028,-45.30529595015577,16.45482866043614
Greater London,2020,GB-BRY,-39.320872274143305,-10.688473520249222,28.029900332225914,-47.41744548286604,-44.822429906542055,17.062305295950157
Greater London,2020,GB-CMD,-67.11214953271028,-38.06230529595015,3.8821656050955413,-66.24299065420561,-53.57861635220126,19.335443037974684
Greater London,2020,GB-CRY,-41.046728971962615,-9.753894080996885,60.53716216216216,-48.149532710280376,-40.69781931464174,15.60436137071651
Greater London,2020,GB-EAL,-34.84735202492212,-10.822429906542055,56.375,-46.741433021806856,-42.83177570093458,15.616822429906541
Greater London,2020,GB-ENF,-33.900311526479754,-10.838006230529595,36.304054054054056,-40.49844236760124,-38.651090342679126,14.158878504672897
Greater London,2020,GB-GRE,-40.75077881619938,-10.50778816199377,17.142857142857142,-41.80373831775701,-45.63551401869159,16.345794392523363
Greater London,2020,GB-HAV,-38.4797507788162,-11.813084112149532,21.658783783783782,-42.80685358255452,-40.087227414330215,14.53582554517134
Greater London,2020,GB-HCK,-48.97196261682243,-10.177570093457945,59.442567567567565,-50.716510903426794,-47.57943925233645,17.264797507788163
Greater London,2020,GB-HIL,-40.86604361370716,-12.146417445482866,61.21283783783784,-63.601246105919,-40.56386292834891,15.236760124610592
Greater London,2020,GB-HMF,-55.65732087227414,-25.252336448598133,25.618243243243242,-54.875389408099686,-52.4748427672956,18.784565916398712
Greater London,2020,GB-HNS,-35.41121495327103,-13.467289719626168,37.66554054054054,-43.308411214953274,-42.205607476635514,15.22429906542056
Greater London,2020,GB-HRW,-39.359375,-12.495327102803738,68.69830508474577,-44.97507788161994,-41.00934579439252,15.856697819314642
Greater London,2020,GB-HRY,-37.79127725856698,-16.021806853582554,49.45945945945946,-47.610591900311526,-48.76635514018692,16.629283489096572
Greater London,2020,GB-ISL,-61.89408099688473,-22.2803738317757,29.41554054054054,-59.728971962616825,-53.60377358490566,20.62264150943396
Greater London,2020,GB-KEC,-60.85669781931464,-16.761006289308177,-4.1925675675675675,-60.21183800623053,-50.838095238095235,17.97037037037037
Greater London,2020,GB-KTT,-44.42056074766355,-17.38317757009346,36.723404255319146,-48.978193146417446,-46.9748427672956,17.420382165605094
Greater London,2020,GB-LBH,-51.94392523364486,-15.367601246105918,11.732026143790849,-58.021806853582554,-48.47040498442367,18.98753894080997
Greater London,2020,GB-LEW,-34.85358255451713,-5.585669781931464,63.391891891891895,-46.504672897196265,-47.78816199376947,17.67601246105919
Greater London,2020,GB-LND,-77.89408099688474,-61.98730158730159,-68.91746031746031,-71.14953271028037,-64.35885167464114,
Greater London,2020,GB-MRT,-42.80685358255452,-14.663551401869158,33.277027027027025,-50.17133956386293,-45.54828660436137,17.0
Greater London,2020,GB-NWM,-45.02492211838006,-14.018691588785046,110.8108108108108,-48.308411214953274,-44.33644859813084,15.037383177570094
Greater London,2020,GB-RDB,-33.51090342679128,-10.738317757009346,54.82432432432432,-46.04984423676012,-43.389408099688474,15.277258566978194
Greater London,2020,GB-RIC,-42.059375,-11.40880503144654,33.90066225165563,-50.55451713395639,-51.2,18.141914191419144
Greater London,2020,GB-STN,-39.16065573770492,-13.975077881619939,41.25,-49.68847352024922,-43.31132075471698,15.80373831775701
Greater London,2020,GB-SWK,-51.165109034267914,-20.274143302180686,-5.968847352024922,-56.81931464174455,-49.35202492211838,18.542056074766354
Greater London,2020,GB-TWH,-56.63551401869159,-21.84423676012461,-21.39252336448598,-57.35202492211838,-53.161993769470406,19.61993769470405
Greater London,2020,GB-WFT,-30.161993769470406,-9.847352024922118,40.4527027027027,-44.68535825545171,-45.69470404984423,15.669781931464174
Greater London,2020,GB-WND,-45.006230529595015,-16.342679127725855,38.3741935483871,-50.99065420560748,-50.20872274143302,20.037383177570092
Greater London,2020,GB-WSM,-71.11526479750779,-42.28971962616822,-46.283489096573206,-67.34890965732087,-53.4937106918239,18.660194174757283
Greater Manchester,2020,GB-BOL,-36.85981308411215,-13.750778816199377,15.83445945945946,-39.0251572327044,-34.58878504672897,12.348909657320872
Greater Manchester,2020,GB-BUR,-35.797507788161994,-12.809968847352025,30.017006802721088,-36.536184210526315,-38.44025157232704,13.392523364485982
Greater Manchester,2020,GB-MAN,-50.94704049844237,-22.277258566978194,-6.5046728971962615,-61.53894080996885,-41.07165109034268,14.040498442367602
Greater Manchester,2020,GB-OLD,-34.021806853582554,-13.566978193146417,38.0271186440678,-32.712025316455694,-34.348909657320874,11.613707165109034
Greater Manchester,2020,GB-RCH,-30.38317757009346,-14.90031152647975,32.402061855670105,-30.17295597484277,-32.29283489096573,11.862928348909657
Greater Manchester,2020,GB-SKP,-36.88785046728972,-10.785046728971963,22.58445945945946,-48.924528301886795,-40.31464174454829,14.510903426791277
Greater Manchester,2020,GB-SLF,-34.60436137071651,-12.208722741433021,22.06756756756757,-45.15987460815047,-38.96884735202492,13.623052959501557
Greater Manchester,2020,GB-TAM,-36.875389408099686,-8.909657320872274,35.3481228668942,-35.943396226415096,-36.545171339563865,12.651090342679128
Greater Manchester,2020,GB-TRF,-41.06230529595015,-14.850467289719626,-16.574257425742573,-42.553125,-42.38006230529595,15.529595015576325
Greater Manchester,2020,GB-WGN,-36.8006230529595,-10.7601246105919,40.05067567567568,-39.425,-33.85981308411215,11.909657320872274
Gwynedd,2020,GB-GWN,-33.226351351351354,-9.91891891891892,12.874551971326165,-23.866894197952217,-34.44336569579288,9.704761904761904
Hampshire,2020,GB-HAM,-37.85669781931464,-12.485981308411215,34.65695792880259,-34.794392523364486,-36.757009345794394,13.700934579439252
Hartlepool,2020,GB-HPL,-39.611486486486484,-10.233108108108109,-46.8,-25.83445945945946,-29.895622895622896,9.563106796116505
Herefordshire,2020,GB-HEF,-37.38513513513514,-13.131756756756756,22.11904761904762,-25.2027027027027,-28.844444444444445,10.946236559139784
Hertfordshire,2020,GB-HRT,-39.202492211838006,-13.63551401869159,22.693069306930692,-47.60436137071651,-39.60747663551402,15.280373831775702
Highland Council,2020,GB-HLD,-29.118243243243242,-9.709030100334449,41.02040816326531,-30.027027027027028,-35.006349206349206,9.987096774193548
Inverclyde,2020,GB-IVC,-35.30927835051546,-7.489864864864865,-57.666666666666664,-28.956989247311828,-36.354729729729726,9.373134328358208
Isle of Anglesey,2020,GB-AGY,-28.818548387096776,-5.380782918149467,-2.1196581196581197,-22.34013605442177,-30.780405405405407,8.410526315789474
Isle of Wight,2020,GB-IOW,-28.554054054054053,-3.7871621621621623,43.48070175438596,-23.804054054054053,-30.00952380952381,9.707865168539326
Kent,2020,GB-KEN,-35.429906542056074,-11.601246105919003,33.00313479623824,-34.73831775700935,-34.93457943925234,12.794392523364486
Kingston upon Hull,2020,GB-KHL,-36.585669781931465,-11.797507788161994,5.639575971731449,-37.317460317460316,-31.141509433962263,10.18380062305296
Lancashire,2020,GB-LAN,-34.26479750778816,-11.261682242990654,45.346666666666664,-34.96261682242991,-33.218068535825545,11.912772585669781
Leicester,2020,GB-LCE,-45.794392523364486,-16.45482866043614,25.51186440677966,-48.12893081761006,-35.1588785046729,11.965732087227414
Leicestershire,2020,GB-LEC,-36.33956386292835,-11.485981308411215,22.239864864864863,-34.626168224299064,-36.64485981308411,13.236760124610592
Lincolnshire,2020,GB-LIN,-30.517133956386292,-5.968847352024922,50.4222972972973,-29.81761006289308,-30.38317757009346,10.358255451713395
Lisburn and Castlereagh,2020,GB-LBC,-32.817567567567565,-12.60135135135135,-37.30882352941177,-37.70229007633588,-38.47936507936508,14.828897338403042
Luton,2020,GB-LUT,-38.19932432432432,-8.912162162162161,-10.666666666666666,-58.70716510903427,-31.336507936507935,12.04416403785489
Medway,2020,GB-MDW,-38.47157190635451,-9.128712871287128,23.70446735395189,-37.79047619047619,-36.301886792452834,12.75
Merseyside,2020,GB-KWL,-32.672955974842765,-6.905405405405405,9.572687224669604,-34.457142857142856,-33.4937106918239,11.590625
Merseyside,2020,GB-LIV,-43.386292834890966,-16.806853582554517,-11.274143302180685,-52.046728971962615,-38.84423676012461,12.39563862928349
Merseyside,2020,GB-SFT,-33.25545171339564,-8.682242990654206,31.320945945945947,-35.225,-36.99065420560748,12.32398753894081
Merseyside,2020,GB-SHN,-35.1993769470405,-11.118380062305295,27.83108108108108,-35.31428571428572,-34.60436137071651,11.595015576323988
Merseyside,2020,GB-WRL,-33.09345794392523,-9.757009345794392,43.179054054054056,-31.996884735202492,-35.92211838006231,12.024922118380061
Merthyr Tydfil County Borough,2020,GB-MTY,-39.83108108108108,-15.64864864864865,,-30.249056603773585,-33.141891891891895,10.0
Mid Ulster,2020,GB-MUL,-31.033783783783782,-8.141891891891891,-59.0,-30.83219178082192,-28.26031746031746,12.070539419087137
Mid and East Antrim,2020,GB-MEA,-29.66216216216216,-4.739864864864865,-10.621621621621621,-35.53716216216216,-33.666666666666664,12.357933579335793
Middlesbrough,2020,GB-MDB,-39.597972972972975,-11.08445945945946,-13.232142857142858,-44.58783783783784,-30.88888888888889,10.202205882352942
Midlothian,2020,GB-MLN,-32.273648648648646,-8.631756756756756,0.5,-29.07508532423208,-38.91428571428571,12.963302752293577
Milton Keynes,2020,GB-MIK,-37.47040498442367,-16.722741433021806,22.06081081081081,-46.92767295597484,-37.58730158730159,14.081504702194357
Monmouthshire,2020,GB-MON,-38.24662162162162,-16.99662162162162,-6.342412451361867,-31.47972972972973,-37.94019933554817,11.411042944785276
Moray,2020,GB-MRY,-31.425675675675677,-11.905405405405405,6.261061946902655,-31.64516129032258,-31.06418918918919,7.788659793814433
Neath Port Talbot Principle Area,2020,GB-NTL,-33.608108108108105,2.8378378378378377,2.6401869158878504,-42.847972972972975,-34.34603174603175,11.902985074626866
Newport,2020,GB-NWP,-41.25252525252525,-12.908783783783784,3.1904761904761907,-41.87837837837838,-36.43492063492064,13.044520547945206
"Newry, Mourne and Down",2020,GB-NMD,-29.195945945945947,-2.3783783783783785,2.7523364485981308,-26.713310580204777,-31.77777777777778,12.134057971014492
Norfolk,2020,GB-NFK,-32.63239875389408,-10.12461059190031,50.592592592592595,-36.62928348909657,-31.847352024922117,11.102803738317757
North Ayrshire Council,2020,GB-NAY,-27.72972972972973,-0.9256756756756757,-9.831460674157304,-22.48310810810811,-33.98412698412698,11.402255639097744
North East Lincolnshire,2020,GB-NEL,-33.38175675675676,-9.297297297297296,12.01195219123506,-23.929054054054053,-27.901587301587302,8.814569536423841
North Lanarkshire,2020,GB-NLK,-34.34437086092715,-10.623052959501557,-45.0,-39.7,-35.26729559748428,12.15576323987539
North Lincolnshire,2020,GB-NLN,-32.810810810810814,-8.317567567567568,3.1220338983050846,-22.760135135135137,-29.02857142857143,9.96085409252669
North Somerset,2020,GB-NSM,-37.03703703703704,-12.060200668896321,35.93559322033898,-49.29780564263323,-36.507936507936506,13.13953488372093
North Yorkshire,2020,GB-NYK,-29.757009345794394,-7.277258566978193,40.97666666666667,-26.770440251572328,-34.6822429906542,11.78816199376947
Northamptonshire,2020,GB-NTH,-36.88473520249221,-12.277258566978194,-0.06756756756756757,-34.28660436137071,-32.02492211838006,12.046728971962617
Northumberland,2020,GB-NBL,-33.63245033112583,-4.943217665615142,44.4527027027027,-21.175675675675677,-34.9622641509434,11.209375
Nottingham,2020,GB-NGM,-52.69781931464174,-17.554517133956388,32.94604316546763,-53.62305295950156,-39.638364779874216,12.133956386292835
Nottinghamshire,2020,GB-NTT,-37.2803738317757,-11.757009345794392,15.152027027027026,-27.707165109034268,-34.35202492211838,12.009345794392523
Orkney,2020,GB-ORK,-31.25,-10.357142857142858,,-70.0,-36.40952380952381,
Oxfordshire,2020,GB-OXF,-41.57632398753894,-15.869158878504672,15.891891891891891,-42.386292834890966,-39.822429906542055,15.146417445482866
Pembrokeshire,2020,GB-PEM,-31.175675675675677,-4.753378378378378,13.453183520599252,-29.758503401360546,-31.22895622895623,9.344660194174757
Perth and Kinross,2020,GB-PKN,-37.895270270270274,-13.77027027027027,20.881756756756758,-35.50675675675676,-37.54920634920635,12.227611940298507
Peterborough,2020,GB-PTE,-35.94704049844237,-12.307692307692308,-13.608695652173912,-46.13175675675676,-30.965079365079365,10.984276729559749
Plymouth,2020,GB-PLY,-40.9771986970684,-15.28930817610063,26.844594594594593,-31.697068403908794,-37.0125786163522,10.9874213836478
Portsmouth,2020,GB-POR,-40.278481012658226,-14.550314465408805,14.260416666666666,-34.46666666666667,-38.993650793650794,12.140127388535031
Powys,2020,GB-POW,-35.641891891891895,-11.79054054054054,14.672413793103448,-30.86394557823129,-31.984126984126984,11.766949152542374
Reading,2020,GB-RDG,-47.717948717948715,-14.929765886287626,16.622340425531913,-60.11526479750779,-43.888888888888886,17.306859205776174
Redcar and Cleveland,2020,GB-RCC,-39.179054054054056,-9.074324324324325,-0.4409448818897638,-24.16554054054054,-30.812698412698413,10.313653136531366
Renfrewshire,2020,GB-RFW,-38.788079470198674,-4.280405405405405,2.926829268292683,-55.773851590106005,-39.22857142857143,13.552188552188552
Rhondda Cynon Taff,2020,GB-RCT,-38.875,-10.063545150501673,-8.985074626865671,-42.483108108108105,-34.86031746031746,12.337579617834395
Rutland,2020,GB-RUT,-28.388235294117646,-0.2549019607843137,-55.8,,-38.00377358490566,9.090909090909092
Scottish Borders,2020,GB-SCB,-29.82372881355932,-11.222972972972974,11.007547169811321,-28.91216216216216,-32.916666666666664,10.369158878504672
Shetland Islands,2020,GB-ZET,-51.608695652173914,-23.434782608695652,,-43.561797752808985,-36.85781990521327,
Shropshire,2020,GB-TFW,-33.99688473520249,-10.557632398753894,28.277397260273972,-31.00337837837838,-32.0314465408805,11.741433021806854
Slough,2020,GB-SLG,-34.58108108108108,-18.780405405405407,11.1651376146789,-50.375,-38.51111111111111,14.52482269503546
Somerset,2020,GB-SOM,-33.087227414330215,-9.246105919003115,30.716216216216218,-16.876190476190477,-31.925233644859812,11.118380062305295
South Ayrshire Council,2020,GB-SAY,-37.54054054054054,-9.554054054054054,-1.331360946745562,-33.84121621621622,-36.119354838709675,10.106796116504855
South Gloucestershire,2020,GB-SGC,-37.43302180685358,-12.925233644859814,42.801393728223,-42.01904761904762,-39.26813880126183,14.531446540880504
South Lanarkshire,2020,GB-SLK,-30.9375,-8.785046728971963,32.59040590405904,-36.2952380952381,-35.84591194968554,12.85981308411215
South Yorkshire,2020,GB-BNS,-38.797507788161994,-9.56386292834891,24.20608108108108,-27.95873015873016,-31.476635514018692,10.95638629283489
South Yorkshire,2020,GB-DNC,-34.41121495327103,-8.725856697819315,20.6722972972973,-45.52336448598131,-30.990654205607477,10.389408099688474
South Yorkshire,2020,GB-ROT,-30.411214953271028,-11.666666666666666,21.679054054054053,-32.333333333333336,-33.50155763239876,11.376947040498443
South Yorkshire,2020,GB-SHF,-43.97507788161994,-14.096573208722742,18.312292358803987,-47.98753894080997,-38.49221183800623,13.25233644859813
Southampton,2020,GB-STH,-46.040880503144656,-13.336477987421384,8.756756756756756,-45.43396226415094,-39.833333333333336,12.47962382445141
Southend-on-Sea,2020,GB-SOS,-36.692567567567565,-6.337837837837838,30.599078341013826,-46.29677419354839,-38.39047619047619,13.734545454545454
Staffordshire,2020,GB-STS,-35.03115264797508,-11.809968847352025,20.450511945392492,-30.797507788161994,-33.97196261682243,12.090342679127726
Stirling,2020,GB-STG,-42.858108108108105,-9.807432432432432,12.696864111498257,-46.41891891891892,-41.141891891891895,10.713235294117647
Stockton-on-Tees,2020,GB-STT,-35.47666666666667,-7.898989898989899,9.342105263157896,-31.777027027027028,-32.180952380952384,11.203333333333333
Stoke-on-Trent,2020,GB-STE,-38.40836012861736,-10.864779874213836,14.275303643724696,-44.51013513513514,-31.861635220125788,10.538940809968848
Suffolk,2020,GB-SFK,-36.81931464174455,-11.822429906542055,28.81081081081081,-29.58805031446541,-33.149532710280376,11.657320872274143
Surrey,2020,GB-SRY,-40.8006230529595,-15.962616822429906,18.76875,-45.10591900311527,-41.97507788161994,15.797507788161994
Swansea,2020,GB-SWA,-39.79611650485437,-15.282539682539683,21.958490566037735,-45.222972972972975,-38.546031746031744,12.528662420382165
Swindon,2020,GB-SWD,-39.94285714285714,-15.525157232704403,-9.326530612244898,-44.763513513513516,-35.768253968253966,13.097087378640778
Thurrock,2020,GB-THR,-37.414715719063544,-13.839464882943144,-2.097902097902098,-31.956810631229235,-35.65396825396825,12.42809364548495
Torbay,2020,GB-TOB,-32.195945945945944,-2.1216216216216215,44.47148288973384,-24.97972972972973,-32.32698412698413,9.932835820895523
Torfaen Principal Area,2020,GB-TOF,-38.4054054054054,-14.216216216216216,,-33.43050847457627,-33.96825396825397,12.727678571428571
Tyne and Wear,2020,GB-GAT,-37.93457943925234,-12.059190031152648,42.65068493150685,-35.71383647798742,-39.13084112149533,12.794392523364486
Tyne and Wear,2020,GB-NET,-51.21183800623053,-18.54517133956386,25.949324324324323,-52.10591900311527,-39.953271028037385,13.654205607476635
Tyne and Wear,2020,GB-NTY,-32.666666666666664,-9.133956386292835,0.07432432432432433,-39.028125,-39.53605015673981,13.28348909657321
Tyne and Wear,2020,GB-SND,-33.32710280373832,-8.797507788161994,21.405405405405407,-30.174454828660437,-35.21495327102804,11.414330218068535
Tyne and Wear,2020,GB-STY,-40.609271523178805,-5.733333333333333,29.87837837837838,-25.675675675675677,-37.515723270440255,11.690625
Vale of Glamorgan,2020,GB-VGL,-32.560810810810814,-8.858108108108109,14.190677966101696,-42.38513513513514,-38.4,14.511904761904763
Warrington,2020,GB-WRT,-37.51768488745981,-14.015822784810126,25.223021582733814,-40.861486486486484,-36.68571428571428,12.816393442622951
Warwickshire,2020,GB-WAR,-37.95638629283489,-10.806853582554517,23.45945945945946,-36.58878504672897,-37.11214953271028,13.654205607476635
West Berkshire,2020,GB-WBK,-41.067567567567565,-16.179054054054053,9.52027027027027,-40.366883116883116,-41.076190476190476,16.699604743083004
West Dunbartonshire Council,2020,GB-WDU,-32.567567567567565,-7.516891891891892,-60.857142857142854,-33.11824324324324,-35.48253968253968,11.69
West Lothian,2020,GB-WLN,-34.19397993311037,-3.3817567567567566,-12.048192771084338,-40.457142857142856,-37.473015873015875,13.04040404040404
West Midlands,2020,GB-BIR,-43.218068535825545,-15.74766355140187,9.821316614420063,-51.585669781931465,-37.73520249221184,12.84423676012461
West Midlands,2020,GB-COV,-38.40498442367601,-12.669781931464174,22.405405405405407,-48.57943925233645,-38.47352024922118,12.728971962616823
West Midlands,2020,GB-DUD,-36.60747663551402,-9.64797507788162,15.087837837837839,-27.08176100628931,-35.47352024922118,12.236760124610592
West Midlands,2020,GB-SAW,-31.61682242990654,-10.373831775700934,32.11486486486486,-35.85669781931464,-33.875389408099686,11.46417445482866
West Midlands,2020,GB-SOL,-46.02803738317757,-11.710280373831775,32.777027027027025,-64.01246105919003,-40.60377358490566,14.647798742138365
West Midlands,2020,GB-WLL,-35.018691588785046,-11.38006230529595,19.68581081081081,-34.855345911949684,-32.8006230529595,11.467289719626168
West Midlands,2020,GB-WLV,-39.58255451713396,-13.417445482866043,12.10472972972973,-41.109034267912776,-33.361370716510905,11.26791277258567
West Sussex,2020,GB-WSX,-35.361370716510905,-11.392523364485982,43.00334448160535,-58.373831775700936,-36.373831775700936,12.978193146417446
West Yorkshire,2020,GB-BRD,-35.71339563862929,-13.049844236760125,31.33108108108108,-41.77258566978193,-35.373831775700936,12.077881619937695
West Yorkshire,2020,GB-CLD,-38.545171339563865,-14.953271028037383,-22.033783783783782,-33.040880503144656,-35.0440251572327,12.63551401869159
West Yorkshire,2020,GB-KIR,-35.58255451713396,-11.4797507788162,38.13175675675676,-41.47663551401869,-34.495327102803735,12.60436137071651
West Yorkshire,2020,GB-LDS,-44.90965732087228,-16.021806853582554,27.37012987012987,-53.79127725856698,-42.137071651090345,14.404984423676012
West Yorkshire,2020,GB-WKF,-37.09345794392523,-5.401869158878505,11.256756756756756,-33.83177570093458,-33.557632398753896,11.566978193146417
Wiltshire,2020,GB-WIL,-34.149532710280376,-14.43613707165109,17.35135135135135,-31.381703470031546,-35.79874213836478,12.641744548286605
Windsor and Maidenhead,2020,GB-WNM,-43.76013513513514,-12.277027027027026,4.050675675675675,-43.33445945945946,-43.768253968253966,17.227272727272727
Wokingham,2020,GB-WOK,-39.858108108108105,-18.4222972972973,21.57391304347826,-47.63175675675676,-45.36825396825397,18.960474308300395
Worcestershire,2020,GB-WOR,-34.73831775700935,-13.25233644859813,37.11486486486486,-30.850467289719628,-34.32398753894081,12.22741433021807
Wrexham Principal Area,2020,GB-WRX,-42.4054054054054,-12.787162162162161,-4.576719576719577,-36.61486486486486,-32.74603174603175,12.031007751937985
York,2020,GB-YOR,-41.27652733118971,-16.249180327868853,-0.02422145328719723,-45.74528301886792,-44.91111111111111,13.963087248322148
Aberdeen City,2021,GB-ABE,-33.92054794520548,2.0684931506849313,16.18904109589041,-39.367123287671234,-38.36986301369863,11.205479452054794
Aberdeenshire,2021,GB-ABD,-10.808219178082192,-0.8767123287671232,38.75068493150685,-40.78082191780822,-30.386301369863013,8.758904109589041
Angus Council,2021,GB-ANS,-6.443835616438356,2.8767123287671232,25.353711790393014,-29.504109589041096,-28.71780821917808,8.175718849840255
Antrim and Newtownabbey,2021,GB-ANN,-13.523287671232877,2.5616438356164384,-15.71875,-37.09041095890411,-27.986301369863014,9.427397260273972
Ards and North Down,2021,GB-AND,-12.36986301369863,14.89041095890411,24.254794520547946,-31.326923076923077,-30.035616438356165,9.463013698630137
Argyll and Bute Council,2021,GB-AGB,-0.8707865168539326,11.780821917808218,47.78260869565217,18.731506849315068,-25.92876712328767,7.605351170568562
"Armagh City, Banbridge and Craigavon",2021,GB-ABC,-13.443835616438356,8.273972602739725,20.272727272727273,,-27.506849315068493,7.265753424657534
Bath and North East Somerset,2021,GB-BAS,-28.82191780821918,-6.610958904109589,45.1142061281337,-38.95890410958904,-36.895890410958906,10.898630136986302
Bedford,2021,GB-BDF,-21.915068493150685,-5.287671232876712,7.831050228310502,-43.821917808219176,-26.46027397260274,10.057534246575342
Belfast,2021,GB-BFS,-27.517808219178082,1.8465753424657534,17.016438356164382,-40.21643835616438,-34.0986301369863,10.008219178082191
Blackburn with Darwen,2021,GB-BBD,-22.104109589041094,0.8904109589041096,-36.0,-25.873972602739727,-23.76986301369863,7.331506849315068
Blackpool,2021,GB-BPL,0.3315068493150685,8.824657534246576,37.12903225806452,1.1753424657534246,-18.054794520547944,6.6136986301369864
Blaenau Gwent,2021,GB-BGW,-19.81994459833795,2.4493150684931506,,-42.520446096654275,-20.838356164383562,7.7701149425287355
Borough of Halton,2021,GB-HAL,-19.254794520547946,-0.1917808219178082,2.675,-38.728767123287675,-28.9013698630137,8.164383561643836
Bracknell Forest,2021,GB-BRC,-25.438356164383563,-2.76986301369863,16.640776699029125,-46.52876712328767,-36.99452054794521,11.727793696275072
Bridgend County Borough,2021,GB-BGE,-14.024657534246575,4.821917808219178,18.775862068965516,-41.367123287671234,-28.66849315068493,8.580821917808219
Brighton and Hove,2021,GB-BNH,-24.454794520547946,-6.495890410958904,33.15068493150685,-41.136986301369866,-35.84931506849315,11.2986301369863
Bristol City,2021,GB-BST,-33.3013698630137,-6.610958904109589,54.295890410958904,-47.704109589041096,-38.00821917808219,11.778082191780822
Buckinghamshire,2021,GB-BKM,-23.832876712328765,-5.887671232876713,15.797260273972602,-34.293150684931504,-32.087671232876716,11.139726027397261
Caerphilly County Borough,2021,GB-CAY,-11.106849315068493,-1.0876712328767124,16.176829268292682,-37.704109589041096,-28.167123287671235,8.241095890410959
Cambridgeshire,2021,GB-CAM,-30.112328767123287,-1.5287671232876712,35.654794520547945,-35.602739726027394,-32.367123287671234,11.26849315068493
Cardiff,2021,GB-CRF,-35.16164383561644,-9.189041095890412,5.712328767123288,-44.558904109589044,-43.07397260273972,10.873972602739727
Carmarthenshire,2021,GB-CMN,-20.15068493150685,19.816438356164383,48.861189801699716,-43.36986301369863,-26.0986301369863,7.315068493150685
Causeway Coast and Glens,2021,GB-CCG,-3.745205479452055,18.202739726027396,24.26896551724138,-13.365384615384615,-22.865753424657534,6.471232876712329
Central Bedfordshire,2021,GB-CBF,-19.986301369863014,3.5506849315068494,40.81512605042017,-18.523287671232875,-30.410958904109588,10.517808219178082
Ceredigion,2021,GB-CGN,-5.705128205128205,14.12,31.51145038167939,-42.97674418604651,-35.42191780821918,7.344827586206897
Cheshire East,2021,GB-CHE,-22.863013698630137,0.37534246575342467,34.23013698630137,-17.2986301369863,-31.838356164383562,9.613698630136986
Cheshire West and Chester,2021,GB-CHW,-21.23835616438356,-0.4904109589041096,23.246575342465754,-32.75068493150685,-32.087671232876716,9.312328767123288
Clackmannanshire,2021,GB-CLK,-18.852,3.4794520547945207,,-54.397260273972606,-28.41917808219178,10.582375478927203
Conwy Principal Area,2021,GB-CWY,-4.758904109589041,25.7013698630137,105.23668639053254,-15.98904109589041,-25.545205479452054,6.972602739726027
Cornwall,2021,GB-CON,4.523287671232877,16.726027397260275,141.05205479452056,2.802739726027397,-28.632876712328766,6.6219178082191785
County Durham,2021,GB-DUR,-17.983561643835618,2.463013698630137,45.71780821917808,-26.16986301369863,-24.673972602739727,8.101369863013698
Cumbria,2021,GB-CMA,-12.583561643835617,9.983561643835616,80.36164383561643,-3.7643835616438355,-27.293150684931508,7.2164383561643834
Darlington,2021,GB-DAL,-18.6,1.0136986301369864,-10.938775510204081,-34.704109589041096,-28.235616438356164,8.180821917808219
Denbighshire,2021,GB-DEN,-6.695890410958904,12.394520547945206,25.93312101910828,-28.73972602739726,-26.26027397260274,7.747603833865814
Derby,2021,GB-DER,-24.972602739726028,3.191780821917808,48.53947368421053,-39.66849315068493,-31.660273972602738,8.526027397260274
Derbyshire,2021,GB-DBY,-19.70958904109589,2.1397260273972605,50.586301369863016,-18.684931506849313,-29.96164383561644,8.484931506849316
Derry and Strabane,2021,GB-DRS,-15.057534246575342,14.263013698630138,4.233983286908078,-35.52054794520548,-25.336986301369862,7.112328767123287
Devon,2021,GB-DEV,-14.797260273972602,10.205479452054794,96.74520547945205,-11.276712328767124,-26.095890410958905,7.682191780821918
Dorset,2021,GB-DOR,-19.115068493150684,7.435616438356164,106.4958904109589,-21.72876712328767,-30.235616438356164,8.413698630136986
Dumfries and Galloway,2021,GB-DGY,-9.449315068493151,14.093150684931507,61.64657534246575,-0.4054794520547945,-24.632876712328766,5.863013698630137
Dundee City Council,2021,GB-DND,-25.665753424657535,-1.7315068493150685,17.418848167539267,-29.4,-33.37808219178082,8.558904109589042
East Ayrshire Council,2021,GB-EAY,-16.04931506849315,3.9397260273972603,,-30.994520547945207,-29.602739726027398,8.12054794520548
East Dunbartonshire Council,2021,GB-EDU,-13.594520547945205,10.791780821917808,,-39.0027397260274,-36.64931506849315,13.996168582375478
East Lothian Council,2021,GB-ELN,-10.561643835616438,5.323287671232877,18.642276422764226,-15.92876712328767,-33.61369863013699,11.217252396166135
East Renfrewshire Council,2021,GB-ERW,-11.923287671232877,7.8712328767123285,-20.5,-33.97124600638978,-37.06027397260274,14.28352490421456
East Riding of Yorkshire,2021,GB-ERY,-9.783561643835617,5.164383561643835,109.80440771349862,-21.246575342465754,-25.01095890410959,7.561643835616438
East Sussex,2021,GB-ESX,-17.328767123287673,7.761643835616439,57.602739726027394,-23.46027397260274,-28.043835616438358,8.717808219178082
Edinburgh,2021,GB-EDH,-37.74794520547945,-4.197260273972603,25.301369863013697,-49.04109589041096,-42.88493150684931,13.336986301369864
Essex,2021,GB-ESS,-18.715068493150685,-1.873972602739726,38.24109589041096,-45.602739726027394,-31.673972602739727,9.876712328767123
Falkirk,2021,GB-FAL,-16.493150684931507,-7.024657534246575,28.466666666666665,-44.11506849315069,-31.764383561643836,9.487671232876712
Fermanagh and Omagh,2021,GB-FMO,-16.12876712328767,17.616438356164384,-13.23076923076923,-31.698630136986303,-23.660273972602738,5.233226837060703
Fife,2021,GB-FIF,-16.367123287671234,6.917808219178082,39.728767123287675,-36.49315068493151,-26.517808219178082,8.813698630136987
Flintshire,2021,GB-FLN,-17.53150684931507,-4.1068493150684935,5.953703703703703,-45.893150684931506,-29.068493150684933,7.947945205479452
Glasgow City,2021,GB-GLG,-34.131506849315066,-6.331506849315068,11.783561643835617,-52.013698630136986,-36.41095890410959,10.813698630136987
Gloucestershire,2021,GB-GLS,-22.246575342465754,-2.041095890410959,41.06301369863014,-24.326027397260273,-31.86027397260274,9.452054794520548
Greater London,2021,GB-BDG,-17.684931506849313,-1.9232876712328768,59.293150684931504,-33.90958904109589,-37.26575342465753,8.61917808219178
Greater London,2021,GB-BEN,-21.23835616438356,0.8,65.92054794520548,-38.03013698630137,-37.4,10.241095890410959
Greater London,2021,GB-BEX,-28.786301369863015,0.6931506849315069,38.06575342465754,-44.367123287671234,-37.09041095890411,11.427397260273972
Greater London,2021,GB-BNE,-25.6,-3.4493150684931506,46.06027397260274,-40.50684931506849,-39.54520547945206,12.317808219178081
Greater London,2021,GB-BRY,-24.893150684931506,0.8767123287671232,25.682191780821917,-43.632876712328766,-40.320547945205476,13.427397260273972
Greater London,2021,GB-CMD,-57.895890410958906,-25.96986301369863,10.257534246575343,-46.846575342465755,-46.25205479452055,14.624657534246575
Greater London,2021,GB-CRY,-25.65205479452055,1.347945205479452,38.90958904109589,-44.342465753424655,-34.676712328767124,11.728767123287671
Greater London,2021,GB-EAL,-22.12876712328767,-1.2821917808219179,53.23013698630137,-42.74246575342466,-38.276712328767125,11.057534246575342
Greater London,2021,GB-ENF,-24.397260273972602,-4.668493150684932,21.106849315068494,-44.0,-35.24109589041096,10.252054794520548
Greater London,2021,GB-GRE,-25.986301369863014,-2.0876712328767124,15.810958904109588,-34.26575342465753,-43.038356164383565,12.306849315068494
Greater London,2021,GB-HAV,-24.446575342465753,-2.0164383561643837,18.068493150684933,-33.657534246575345,-33.75616438356165,10.772602739726027
Greater London,2021,GB-HCK,-40.104109589041094,-1.7315068493150685,51.83561643835616,-45.824657534246576,-41.96986301369863,12.745205479452055
Greater London,2021,GB-HIL,-25.602739726027398,-4.704109589041096,67.4,-55.4986301369863,-35.276712328767125,10.734246575342466
Greater London,2021,GB-HMF,-44.558904109589044,-16.172602739726027,27.561643835616437,-44.64931506849315,-48.33698630136986,13.802739726027397
Greater London,2021,GB-HNS,-22.295890410958904,0.22465753424657534,39.07945205479452,-34.961643835616435,-33.54794520547945,10.4
Greater London,2021,GB-HRW,-23.443835616438356,3.5863013698630137,79.85123966942149,-34.46849315068493,-29.44109589041096,11.53972602739726
Greater London,2021,GB-HRY,-29.556164383561644,-9.663013698630136,28.084931506849315,-42.3041095890411,-46.96986301369863,11.805479452054794
Greater London,2021,GB-ISL,-53.58904109589041,-17.53150684931507,41.465753424657535,-67.52876712328766,-50.484931506849314,15.575342465753424
Greater London,2021,GB-KEC,-48.863013698630134,-2.0904109589041098,-0.6794520547945205,-53.12054794520548,-46.84109589041096,13.375342465753425
Greater London,2021,GB-KTT,-31.98904109589041,-9.857534246575343,61.10144927536232,-40.37260273972603,-39.73972602739726,13.331506849315069
Greater London,2021,GB-LBH,-41.320547945205476,-7.473972602739726,39.83835616438356,-48.57260273972603,-40.97260273972603,14.084931506849315
Greater London,2021,GB-LEW,-19.55890410958904,4.63013698630137,50.0027397260274,-39.4986301369863,-43.271232876712325,13.36986301369863
Greater London,2021,GB-LND,-70.24931506849315,-54.43013698630137,-67.01095890410959,-60.76712328767123,-56.16858237547893,
Greater London,2021,GB-MRT,-31.838356164383562,-9.473972602739726,24.339726027397262,-43.35616438356164,-39.85753424657534,12.76986301369863
Greater London,2021,GB-NWM,-32.15068493150685,-4.83013698630137,175.60714285714286,-39.98082191780822,-34.635616438356166,9.964383561643835
Greater London,2021,GB-RDB,-27.863013698630137,-3.052054794520548,17.03287671232877,-43.95890410958904,-42.827397260273976,10.926027397260274
Greater London,2021,GB-RIC,-27.923287671232877,1.641095890410959,33.484931506849314,-45.80821917808219,-50.85205479452055,14.131506849315068
Greater London,2021,GB-STN,-22.832876712328765,-5.104109589041096,44.07945205479452,-47.93424657534246,-42.178082191780824,12.172602739726027
Greater London,2021,GB-SWK,-40.12328767123287,-11.723287671232876,8.487671232876712,-46.81369863013698,-39.64931506849315,13.553424657534247
Greater London,2021,GB-TWH,-43.87945205479452,-10.67123287671233,-5.2684931506849315,-50.66027397260274,-46.205479452054796,14.104109589041096
Greater London,2021,GB-WFT,-14.717808219178082,-3.6767123287671235,22.69041095890411,-43.98082191780822,-42.40547945205479,11.276712328767124
Greater London,2021,GB-WND,-35.602739726027394,-10.860273972602739,29.813698630136987,-43.24109589041096,-42.846575342465755,15.323287671232876
Greater London,2021,GB-WSM,-58.298630136986304,-24.797260273972604,-25.632876712328766,-51.679452054794524,-47.961643835616435,13.728767123287671
Greater Manchester,2021,GB-BOL,-17.654794520547945,0.2273972602739726,21.682191780821917,-33.054794520547944,-26.980821917808218,8.419178082191781
Greater Manchester,2021,GB-BUR,-16.523287671232875,-0.9917808219178083,56.81944444444444,-31.41917808219178,-32.484931506849314,9.46027397260274
Greater Manchester,2021,GB-MAN,-33.87671232876713,-7.808219178082192,7.5479452054794525,-51.3041095890411,-35.09041095890411,9.772602739726027
Greater Manchester,2021,GB-OLD,-19.797260273972604,-0.33424657534246577,46.73829201101928,-30.44931506849315,-29.794520547945204,7.76986301369863
Greater Manchester,2021,GB-RCH,-15.723287671232876,-3.5315068493150683,49.52646239554318,-18.673972602739727,-20.295890410958904,8.265753424657534
Greater Manchester,2021,GB-SKP,-21.64109589041096,-1.7397260273972603,32.57260273972603,-45.26575342465753,-35.92876712328767,10.753424657534246
Greater Manchester,2021,GB-SLF,-14.153424657534247,-1.1123287671232878,37.295890410958904,-40.56712328767123,-32.88767123287671,9.673972602739726
Greater Manchester,2021,GB-TAM,-30.101369863013698,-3.4794520547945207,47.554016620498615,-27.887671232876713,-31.923287671232877,8.978082191780821
Greater Manchester,2021,GB-TRF,-23.65753424657534,-3.6,-15.704109589041096,-41.679452054794524,-39.88767123287671,11.756164383561643
Greater Manchester,2021,GB-WGN,-26.87945205479452,-1.926027397260274,53.6958904109589,-38.553424657534244,-29.676712328767124,8.386301369863014
Gwynedd,2021,GB-GWN,2.3972602739726026,19.843835616438355,75.73795180722891,-2.4684931506849317,-22.46301369863014,6.517045454545454
Hampshire,2021,GB-HAM,-23.50958904109589,1.082191780821918,40.64109589041096,-24.923287671232877,-29.553424657534247,10.465753424657533
Hartlepool,2021,GB-HPL,-26.312328767123287,-2.0383561643835617,,-25.956164383561642,-21.96986301369863,7.562300319488818
Herefordshire,2021,GB-HEF,-16.854794520547944,-1.106849315068493,44.917808219178085,-32.73150684931507,-23.356164383561644,6.947945205479452
Hertfordshire,2021,GB-HRT,-25.813698630136987,-2.5013698630136987,25.2986301369863,-39.63013698630137,-34.83287671232877,11.558904109589042
Highland Council,2021,GB-HLD,-3.621917808219178,6.46027397260274,105.47945205479452,-21.824657534246576,-28.328767123287673,6.49041095890411
Inverclyde,2021,GB-IVC,-19.567123287671233,1.8986301369863015,-48.0,-18.044728434504794,-31.512328767123286,10.831417624521073
Isle of Anglesey,2021,GB-AGY,-13.780219780219781,11.192691029900333,27.893023255813954,-19.065753424657533,-25.578082191780823,7.789272030651341
Isle of Wight,2021,GB-IOW,1.610958904109589,17.482191780821918,68.58974358974359,-0.5287671232876713,-19.413698630136988,6.701369863013698
Kent,2021,GB-KEN,-19.487671232876714,3.6301369863013697,30.09041095890411,-31.66849315068493,-27.90958904109589,9.304109589041095
Kingston upon Hull,2021,GB-KHL,-28.23835616438356,-1.6684931506849314,18.906077348066297,-26.087671232876712,-23.101369863013698,6.542465753424658
Lancashire,2021,GB-LAN,-19.44109589041096,-0.07671232876712329,60.45479452054794,-27.312328767123287,-27.068493150684933,8.26027397260274
Leicester,2021,GB-LCE,-30.71232876712329,-5.435616438356164,53.5989010989011,-32.43561643835616,-26.734246575342464,7.742465753424658
Leicestershire,2021,GB-LEC,-19.86027397260274,-0.31232876712328766,39.95616438356164,-30.86849315068493,-33.30684931506849,9.402739726027397
Lincolnshire,2021,GB-LIN,-10.827397260273973,12.93972602739726,98.28493150684932,-24.97808219178082,-20.024657534246575,7.101369863013699
Lisburn and Castlereagh,2021,GB-LBC,-18.980821917808218,2.6164383561643834,-6.166666666666667,-24.551724137931036,-32.75890410958904,10.326027397260274
Luton,2021,GB-LUT,-18.96712328767123,-3.3753424657534246,-21.0,-53.534246575342465,-22.632876712328766,8.101369863013698
Medway,2021,GB-MDW,-22.55068493150685,2.263013698630137,36.14835164835165,-32.31232876712329,-32.16712328767123,9.202739726027398
Merseyside,2021,GB-KWL,-29.76164383561644,18.312328767123287,10.54639175257732,-46.345205479452055,-22.216438356164385,8.315068493150685
Merseyside,2021,GB-LIV,-25.742465753424657,-6.0849315068493155,-4.016438356164383,-42.83287671232877,-34.326027397260276,8.783561643835617
Merseyside,2021,GB-SFT,-20.03013698630137,-0.9698630136986301,34.85479452054795,-38.136986301369866,-34.21917808219178,9.136986301369863
Merseyside,2021,GB-SHN,-20.076712328767123,-7.786301369863014,45.33972602739726,-36.082191780821915,-32.912328767123284,8.372602739726027
Merseyside,2021,GB-WRL,-21.03287671232877,-5.241095890410959,35.76712328767123,-34.81369863013698,-30.54794520547945,8.797260273972602
Merthyr Tydfil County Borough,2021,GB-MTY,-21.10958904109589,-0.5287671232876713,,-30.54983922829582,-29.504109589041096,8.82375478927203
Mid Ulster,2021,GB-MUL,-14.35890410958904,4.950684931506849,,-37.92876712328767,-21.03287671232877,6.090909090909091
Mid and East Antrim,2021,GB-MEA,-14.005479452054795,11.093150684931507,15.647058823529411,-15.92876712328767,-27.71780821917808,8.331506849315069
Middlesbrough,2021,GB-MDB,-22.747945205479454,4.654794520547945,2.3214285714285716,-37.26849315068493,-21.12876712328767,6.463013698630137
Midlothian,2021,GB-MLN,-15.816438356164383,10.526027397260274,11.467532467532468,-30.942465753424656,-32.131506849315066,10.568181818181818
Milton Keynes,2021,GB-MIK,-22.934246575342467,-6.156164383561644,25.312328767123287,-37.79178082191781,-30.852054794520548,10.506849315068493
Monmouthshire,2021,GB-MON,-11.663013698630136,-6.583561643835616,16.049586776859503,-7.092178770949721,-34.18904109589041,10.731800766283525
Moray,2021,GB-MRY,-10.8,-2.180821917808219,23.1699604743083,-31.319488817891372,-29.2986301369863,6.511475409836065
Neath Port Talbot Principle Area,2021,GB-NTL,-15.421917808219177,24.24931506849315,20.708333333333332,-52.47397260273973,-25.410958904109588,7.83013698630137
Newport,2021,GB-NWP,-22.32054794520548,-1.284931506849315,18.165178571428573,-34.6958904109589,-29.78904109589041,9.063013698630137
"Newry, Mourne and Down",2021,GB-NMD,-9.857534246575343,18.273972602739725,26.166666666666668,-30.265753424657536,-24.432876712328767,7.698630136986301
Norfolk,2021,GB-NFK,-15.391780821917807,4.553424657534246,71.08219178082192,-34.35342465753425,-24.005479452054793,7.901369863013699
North Ayrshire Council,2021,GB-NAY,-10.4,14.673972602739726,-0.5416666666666666,-4.038356164383561,-27.893150684931506,8.013698630136986
North East Lincolnshire,2021,GB-NEL,-16.81095890410959,1.547945205479452,25.15868263473054,-8.07945205479452,-21.654794520547945,5.887671232876713
North Lanarkshire,2021,GB-NLK,-15.621917808219179,-1.8082191780821917,,-35.635616438356166,-24.73972602739726,9.101369863013698
North Lincolnshire,2021,GB-NLN,-17.676712328767124,7.3863013698630136,3.372602739726027,-22.65753424657534,-22.91780821917808,6.435616438356164
North Somerset,2021,GB-NSM,-16.93972602739726,3.7945205479452055,47.68219178082192,-42.443835616438356,-27.487671232876714,9.652054794520549
North Yorkshire,2021,GB-NYK,-12.830136986301369,5.802739726027397,73.84383561643835,-5.701369863013698,-34.26027397260274,8.158904109589042
Northamptonshire,2021,GB-NTH,-22.997260273972604,-2.1424657534246574,-3.791780821917808,-34.35342465753425,-25.734246575342464,8.542465753424658
Northumberland,2021,GB-NBL,-13.128767123287671,11.202739726027398,87.4876712328767,-25.054794520547944,-27.4986301369863,7.657534246575342
Nottingham,2021,GB-NGM,-39.62465753424657,-4.227397260273973,72.70798898071625,-45.487671232876714,-33.37534246575343,8.421917808219177
Nottinghamshire,2021,GB-NTT,-20.734246575342464,-2.2273972602739724,25.326027397260273,-25.81095890410959,-24.898630136986302,8.578082191780823
Orkney,2021,GB-ORK,,,,-72.0,-26.739463601532567,
Oxfordshire,2021,GB-OXF,-27.24109589041096,-4.147945205479452,25.84109589041096,-34.221917808219175,-35.1945205479452,11.252054794520548
Pembrokeshire,2021,GB-PEM,4.082191780821918,29.296703296703296,106.45625,-33.260989010989015,-21.512328767123286,5.973988439306359
Perth and Kinross,2021,GB-PKN,-19.38082191780822,-3.326027397260274,45.044077134986225,-27.232876712328768,-32.49041095890411,8.372602739726027
Peterborough,2021,GB-PTE,-28.21095890410959,1.8712328767123287,-6.9523809523809526,-39.54246575342466,-26.153424657534245,7.610958904109589
Plymouth,2021,GB-PLY,-26.693150684931506,-3.2958904109589042,46.778082191780825,-21.77260273972603,-24.726027397260275,7.67945205479452
Portsmouth,2021,GB-POR,-23.827397260273973,-7.120547945205479,32.483253588516746,-20.693150684931506,-35.38630136986301,8.849315068493151
Powys,2021,GB-POW,-5.1808219178082195,7.67945205479452,65.56473829201101,-41.32876712328767,-22.0986301369863,6.819047619047619
Reading,2021,GB-RDG,-31.432876712328767,0.9041095890410958,30.83937823834197,-51.81643835616438,-38.136986301369866,13.032876712328767
Redcar and Cleveland,2021,GB-RCC,-22.44931506849315,3.767123287671233,3.8045112781954886,-30.82191780821918,-24.43013698630137,6.983561643835617
Renfrewshire,2021,GB-RFW,-25.24109589041096,18.13150684931507,22.270833333333332,-49.35632183908046,-31.846575342465755,10.213698630136987
Rhondda Cynon Taff,2021,GB-RCT,-18.684931506849313,3.6054794520547944,19.619926199261993,-42.679452054794524,-24.002739726027396,8.219178082191782
Rutland,2021,GB-RUT,-39.95744680851064,,-51.55555555555556,,-32.95297805642633,7.48
Scottish Borders,2021,GB-SCB,-7.63013698630137,2.56986301369863,41.47138047138047,-38.26301369863014,-28.326027397260273,7.252199413489736
Shetland Islands,2021,GB-ZET,,,,-40.166666666666664,-27.553435114503817,
Shropshire,2021,GB-TFW,-11.512328767123288,9.978082191780821,50.23545706371191,-32.97808219178082,-16.095890410958905,8.189041095890412
Slough,2021,GB-SLG,-22.065753424657533,-15.780821917808218,19.505,-43.52328767123288,-34.38082191780822,10.145205479452056
Somerset,2021,GB-SOM,-16.832876712328765,6.6219178082191785,65.08493150684932,-2.8273972602739725,-26.279452054794522,7.7534246575342465
South Ayrshire Council,2021,GB-SAY,-15.150684931506849,4.652054794520548,10.790849673202615,-25.164383561643834,-28.268493150684932,8.048433048433049
South Gloucestershire,2021,GB-SGC,-22.684931506849313,3.5397260273972604,56.36914600550964,-43.0986301369863,-31.03013698630137,10.876712328767123
South Lanarkshire,2021,GB-SLK,-11.945205479452055,6.287671232876712,60.320754716981135,-25.101369863013698,-25.167123287671235,9.67945205479452
South Yorkshire,2021,GB-BNS,-22.23013698630137,-1.0547945205479452,40.84109589041096,-25.72876712328767,-25.44109589041096,7.534246575342466
South Yorkshire,2021,GB-DNC,-15.495890410958904,1.8246575342465754,26.926027397260274,-42.40821917808219,-27.87123287671233,6.917808219178082
South Yorkshire,2021,GB-ROT,-15.468493150684932,2.1397260273972605,31.50958904109589,-30.043835616438358,-24.01095890410959,7.934246575342466
South Yorkshire,2021,GB-SHF,-25.997260273972604,1.3616438356164384,20.797260273972604,-39.00821917808219,-32.80821917808219,9.402739726027397
Southampton,2021,GB-STH,-32.24657534246575,-2.350684931506849,12.871232876712329,-38.413698630136984,-38.704109589041096,9.408219178082192
Southend-on-Sea,2021,GB-SOS,-22.30958904109589,4.093150684931507,38.386617100371744,-44.443835616438356,-33.558904109589044,10.002739726027396
Staffordshire,2021,GB-STS,-15.824657534246576,-1.106849315068493,27.624657534246577,-18.93972602739726,-28.572602739726026,8.345205479452055
Stirling,2021,GB-STG,-24.698630136986303,8.432876712328767,32.85164835164835,-38.87945205479452,-36.43561643835616,11.593869731800766
Stockton-on-Tees,2021,GB-STT,-22.528767123287672,10.797260273972602,18.15015015015015,-35.37808219178082,-25.92054794520548,8.0
Stoke-on-Trent,2021,GB-STE,-21.487671232876714,2.2164383561643834,24.588014981273407,-39.69041095890411,-24.46301369863014,6.978082191780822
Suffolk,2021,GB-SFK,-19.953424657534246,2.76986301369863,41.342465753424655,-30.364383561643837,-29.410958904109588,8.364383561643836
Surrey,2021,GB-SRY,-25.35890410958904,-2.106849315068493,25.39178082191781,-38.35616438356164,-36.038356164383565,12.213698630136987
Swansea,2021,GB-SWA,-22.82191780821918,-0.34794520547945207,57.99373040752351,-40.9972602739726,-33.28493150684932,8.852054794520548
Swindon,2021,GB-SWD,-24.876712328767123,-6.917808219178082,12.5,-40.53150684931507,-31.594520547945205,9.542465753424658
Thurrock,2021,GB-THR,-23.553424657534247,-6.068493150684931,1.452054794520548,-25.745205479452054,-32.221917808219175,8.92876712328767
Torbay,2021,GB-TOB,-8.597260273972603,18.07945205479452,76.09748427672956,-13.517808219178082,-22.33150684931507,6.920547945205479
Torfaen Principal Area,2021,GB-TOF,-21.4986301369863,0.11506849315068493,,-43.6958904109589,-24.813698630136987,9.227848101265822
Tyne and Wear,2021,GB-GAT,-23.167123287671235,2.6246575342465754,49.88101983002833,-43.1013698630137,-29.72876712328767,9.276712328767124
Tyne and Wear,2021,GB-NET,-32.8027397260274,-3.052054794520548,52.75342465753425,-43.97260273972603,-35.084931506849315,9.764383561643836
Tyne and Wear,2021,GB-NTY,-15.504109589041096,5.879452054794521,-33.1013698630137,-42.47397260273973,-30.816438356164383,10.07945205479452
Tyne and Wear,2021,GB-SND,-25.41917808219178,1.1315068493150684,12.424657534246576,-27.16986301369863,-30.23835616438356,8.191780821917808
Tyne and Wear,2021,GB-STY,-23.326027397260273,-1.1013698630136985,14.35890410958904,-21.5013698630137,-33.06849315068493,8.32054794520548
Vale of Glamorgan,2021,GB-VGL,-1.126027397260274,9.805479452054794,26.84175084175084,-36.1013698630137,-33.013698630136986,9.67945205479452
Warrington,2021,GB-WRT,-26.30958904109589,-0.5671232876712329,48.20168067226891,-33.56164383561644,-32.465753424657535,9.36986301369863
Warwickshire,2021,GB-WAR,-21.78904109589041,1.3726027397260274,35.14794520547945,-30.734246575342464,-29.2986301369863,10.032876712328767
West Berkshire,2021,GB-WBK,-26.328767123287673,-3.76986301369863,15.534246575342467,-15.936986301369863,-32.797260273972604,11.421917808219177
West Dunbartonshire Council,2021,GB-WDU,-19.852054794520548,1.5452054794520549,-56.0,-27.983561643835618,-29.068493150684933,10.3258785942492
West Lothian,2021,GB-WLN,-24.473972602739725,8.364383561643836,-3.74468085106383,-39.840255591054316,-30.923287671232877,10.04931506849315
West Midlands,2021,GB-BIR,-26.816438356164383,-2.095890410958904,12.904109589041095,-44.79178082191781,-31.19178082191781,8.90958904109589
West Midlands,2021,GB-COV,-25.912328767123288,-0.7095890410958904,14.652054794520549,-42.843835616438355,-37.778082191780825,8.991780821917809
West Midlands,2021,GB-DUD,-22.898630136986302,0.8301369863013699,6.526027397260274,-27.67945205479452,-29.624657534246577,8.638356164383561
West Midlands,2021,GB-SAW,-15.95890410958904,1.0986301369863014,11.479452054794521,-28.367123287671234,-26.904109589041095,7.76986301369863
West Midlands,2021,GB-SOL,-33.28219178082192,-2.780821917808219,31.016438356164382,-58.94794520547945,-27.731506849315068,10.96986301369863
West Midlands,2021,GB-WLL,-21.92054794520548,-1.9616438356164383,15.797260273972602,-33.413698630136984,-24.93972602739726,7.917808219178082
West Midlands,2021,GB-WLV,-24.572602739726026,-5.090410958904109,12.12054794520548,-33.320547945205476,-27.654794520547945,7.564383561643836
West Sussex,2021,GB-WSX,-23.660273972602738,0.8493150684931506,57.2,-57.038356164383565,-31.30958904109589,9.717808219178082
West Yorkshire,2021,GB-BRD,-21.816438356164383,-2.5452054794520547,41.4986301369863,-31.41917808219178,-29.339726027397262,8.24931506849315
West Yorkshire,2021,GB-CLD,-21.194520547945206,-0.043835616438356165,-8.180821917808219,-23.372602739726027,-26.221917808219178,9.068493150684931
West Yorkshire,2021,GB-KIR,-16.126027397260273,3.7945205479452055,54.26849315068493,-37.97534246575343,-23.887671232876713,8.767123287671232
West Yorkshire,2021,GB-LDS,-28.983561643835618,-2.2575342465753425,40.92876712328767,-43.843835616438355,-36.032876712328765,10.602739726027398
West Yorkshire,2021,GB-WKF,-23.956164383561642,5.402739726027397,21.76164383561644,-29.934246575342467,-26.0986301369863,8.09041095890411
Wiltshire,2021,GB-WIL,-17.742465753424657,-1.2876712328767124,35.71506849315068,-26.476712328767125,-30.0,9.273972602739725
Windsor and Maidenhead,2021,GB-WNM,-22.89041095890411,-4.432876712328767,4.879452054794521,-36.45205479452055,-39.76712328767123,12.449315068493151
Wokingham,2021,GB-WOK,-21.413698630136988,-8.167123287671233,47.55,-48.87123287671233,-40.534246575342465,13.610958904109589
Worcestershire,2021,GB-WOR,-19.471232876712328,-2.9123287671232876,35.81095890410959,-17.29041095890411,-29.38082191780822,8.69041095890411
Wrexham Principal Area,2021,GB-WRX,-26.375342465753423,-4.183561643835616,9.452941176470588,-26.312328767123287,-26.484931506849314,7.213698630136986
York,2021,GB-YOR,-19.876712328767123,4.186301369863013,33.570247933884296,-32.156164383561645,-37.8054794520548,10.438356164383562
Aberdeen City,2022,GB-ABE,-17.34027777777778,8.45138888888889,12.378472222222221,-23.395833333333332,-27.381944444444443,5.951388888888889
Aberdeenshire,2022,GB-ABD,1.9201388888888888,5.475694444444445,56.31944444444444,-34.513888888888886,-19.069444444444443,5.041666666666667
Angus Council,2022,GB-ANS,5.472222222222222,5.444444444444445,37.03973509933775,-22.239583333333332,-21.774305555555557,4.6882591093117405
Antrim and Newtownabbey,2022,GB-ANN,-2.4895833333333335,13.694444444444445,-18.82608695652174,3.125,-22.864583333333332,5.4375
Ards and North Down,2022,GB-AND,-7.260416666666667,21.791666666666668,33.923611111111114,-19.73170731707317,-23.239583333333332,5.628472222222222
Argyll and Bute Council,2022,GB-AGB,19.553571428571427,20.399305555555557,80.991341991342,39.9375,-16.145833333333332,4.337398373983739
"Armagh City, Banbridge and Craigavon",2022,GB-ABC,-1.2604166666666667,14.29513888888889,26.941176470588236,,-22.041666666666668,3.8020833333333335
Bath and North East Somerset,2022,GB-BAS,-12.614583333333334,-3.1006944444444446,36.95454545454545,-28.145833333333332,-26.70486111111111,5.871527777777778
Bedford,2022,GB-BDF,-13.57986111111111,-1.8472222222222223,9.092307692307692,-28.18402777777778,-20.118055555555557,5.555555555555555
Belfast,2022,GB-BFS,-17.79513888888889,8.177083333333334,30.899305555555557,-29.28125,-26.694444444444443,5.697916666666667
Blackburn with Darwen,2022,GB-BBD,-12.118055555555555,4.909722222222222,,-29.22222222222222,-19.73611111111111,3.5
Blackpool,2022,GB-BPL,8.145833333333334,12.822916666666666,72.6470588235294,-0.4027777777777778,-7.961805555555555,2.9166666666666665
Blaenau Gwent,2022,GB-BGW,-10.086805555555555,17.3125,,-34.58878504672897,-15.583333333333334,4.521951219512195
Borough of Halton,2022,GB-HAL,-10.14236111111111,0.7256944444444444,-0.3787878787878788,-35.35069444444444,-23.586805555555557,4.222222222222222
Bracknell Forest,2022,GB-BRC,-10.743055555555555,9.940972222222221,2.8433734939759034,-41.173611111111114,-28.854166666666668,6.601398601398602
Bridgend County Borough,2022,GB-BGE,2.0069444444444446,9.819444444444445,41.39772727272727,-36.236111111111114,-22.6875,4.784722222222222
Brighton and Hove,2022,GB-BNH,-10.40625,-3.8333333333333335,13.152777777777779,-27.743055555555557,-25.399305555555557,5.902777777777778
Bristol City,2022,GB-BST,-19.65972222222222,-6.184027777777778,24.67013888888889,-34.017361111111114,-29.163194444444443,6.211805555555555
Buckinghamshire,2022,GB-BKM,-11.42013888888889,-1.7222222222222223,12.815972222222221,-24.177083333333332,-23.53125,5.96875
Caerphilly County Borough,2022,GB-CAY,4.940972222222222,3.3090277777777777,22.4672131147541,-32.10069444444444,-22.506944444444443,4.5625
Cambridgeshire,2022,GB-CAM,-13.930555555555555,5.690972222222222,31.90972222222222,-20.84027777777778,-22.15972222222222,6.15625
Cardiff,2022,GB-CRF,-21.694444444444443,-6.059027777777778,12.041666666666666,-30.0625,-35.864583333333336,6.076388888888889
Carmarthenshire,2022,GB-CMN,-11.777777777777779,30.211805555555557,69.15053763440861,-39.50694444444444,-20.135416666666668,4.361111111111111
Causeway Coast and Glens,2022,GB-CCG,9.722222222222221,25.90972222222222,35.61165048543689,14.343859649122807,-16.51736111111111,3.4340277777777777
Central Bedfordshire,2022,GB-CBF,-5.302083333333333,8.64236111111111,32.96113074204947,-7.15625,-23.118055555555557,5.614583333333333
Ceredigion,2022,GB-CGN,17.732793522267208,29.315573770491802,60.87619047619047,-33.753768844221106,-29.614583333333332,4.882926829268293
Cheshire East,2022,GB-CHE,-6.246527777777778,4.059027777777778,26.26736111111111,-4.020833333333333,-24.26388888888889,5.305555555555555
Cheshire West and Chester,2022,GB-CHW,-7.75,4.815972222222222,23.79513888888889,-29.444444444444443,-23.836805555555557,4.934027777777778
Clackmannanshire,2022,GB-CLK,-7.245901639344262,8.222222222222221,,-46.370370370370374,-21.13888888888889,6.380487804878049
Conwy Principal Area,2022,GB-CWY,12.993055555555555,35.798611111111114,132.7695035460993,-9.277777777777779,-17.864583333333332,3.5277777777777777
Cornwall,2022,GB-CON,20.479166666666668,25.145833333333332,158.79861111111111,9.190972222222221,-20.90972222222222,3.111111111111111
County Durham,2022,GB-DUR,-4.427083333333333,7.708333333333333,53.885416666666664,-22.34375,-16.524305555555557,4.288194444444445
Cumbria,2022,GB-CMA,1.7604166666666667,19.15625,98.71875,13.041666666666666,-18.270833333333332,3.28125
Darlington,2022,GB-DAL,-7.347222222222222,4.413194444444445,-0.5833333333333334,-24.756944444444443,-22.336805555555557,4.013888888888889
Denbighshire,2022,GB-DEN,13.770833333333334,18.03472222222222,42.22222222222222,-15.13888888888889,-19.458333333333332,4.376518218623482
Derby,2022,GB-DER,-14.61111111111111,9.04861111111111,40.04205607476636,-29.805555555555557,-24.399305555555557,4.142361111111111
Derbyshire,2022,GB-DBY,-4.78125,7.097222222222222,59.833333333333336,-18.31597222222222,-23.555555555555557,4.447916666666667
Derry and Strabane,2022,GB-DRS,-2.1840277777777777,18.40277777777778,20.776859504132233,-27.020833333333332,-18.07986111111111,3.1180555555555554
Devon,2022,GB-DEV,0.059027777777777776,17.32986111111111,101.81944444444444,1.28125,-17.53472222222222,4.131944444444445
Dorset,2022,GB-DOR,-7.375,14.4375,119.02777777777777,-11.100694444444445,-22.708333333333332,4.190972222222222
Dumfries and Galloway,2022,GB-DGY,9.371527777777779,22.19097222222222,82.47569444444444,12.583333333333334,-16.65277777777778,3.0659722222222223
Dundee City Council,2022,GB-DND,-13.819444444444445,5.065972222222222,12.41326530612245,-12.96875,-23.475694444444443,4.270833333333333
East Ayrshire Council,2022,GB-EAY,-3.8958333333333335,12.916666666666666,,-23.25,-23.06597222222222,4.246527777777778
East Dunbartonshire Council,2022,GB-EDU,-3.048611111111111,13.677083333333334,,-32.395833333333336,-29.319444444444443,8.317972350230415
East Lothian Council,2022,GB-ELN,7.472222222222222,8.378472222222221,42.7027027027027,-9.135416666666666,-26.135416666666668,6.672064777327935
East Renfrewshire Council,2022,GB-ERW,-5.975694444444445,10.552083333333334,-23.6,-29.39676113360324,-30.604166666666668,8.907317073170733
East Riding of Yorkshire,2022,GB-ERY,7.666666666666667,12.458333333333334,122.37630662020906,-15.725694444444445,-17.42013888888889,3.798611111111111
East Sussex,2022,GB-ESX,-2.9340277777777777,13.895833333333334,56.49652777777778,-6.65625,-19.875,4.545138888888889
Edinburgh,2022,GB-EDH,-19.600694444444443,-0.15625,23.73611111111111,-21.729166666666668,-29.541666666666668,7.145833333333333
Essex,2022,GB-ESS,-6.107638888888889,3.59375,33.385416666666664,-18.77777777777778,-24.024305555555557,5.232638888888889
Falkirk,2022,GB-FAL,-5.784722222222222,-3.9097222222222223,44.70238095238095,-35.638888888888886,-25.1875,5.277777777777778
Fermanagh and Omagh,2022,GB-FMO,-1.5034722222222223,22.4375,7.6,-34.30555555555556,-14.8125,3.1417004048582995
Fife,2022,GB-FIF,-3.329861111111111,11.690972222222221,52.270833333333336,-29.416666666666668,-17.875,4.802083333333333
Flintshire,2022,GB-FLN,-7.444444444444445,2.1493055555555554,23.4468085106383,-46.93055555555556,-21.270833333333332,4.222222222222222
Glasgow City,2022,GB-GLG,-18.927083333333332,-2.642361111111111,4.652777777777778,-38.125,-25.819444444444443,5.868055555555555
Gloucestershire,2022,GB-GLS,-7.184027777777778,2.9375,49.19444444444444,-14.128472222222221,-26.22222222222222,5.149305555555555
Greater London,2022,GB-BDG,-16.895833333333332,-0.19791666666666666,55.64930555555556,-23.336805555555557,-31.54861111111111,3.7465277777777777
Greater London,2022,GB-BEN,-10.413194444444445,0.7916666666666666,47.25347222222222,-25.006944444444443,-28.12847222222222,4.524305555555555
Greater London,2022,GB-BEX,-21.145833333333332,-1.5868055555555556,31.32986111111111,-34.18402777777778,-30.29513888888889,6.076388888888889
Greater London,2022,GB-BNE,-18.114583333333332,-3.2708333333333335,25.333333333333332,-28.305555555555557,-30.34375,6.5
Greater London,2022,GB-BRY,-14.934027777777779,4.635416666666667,12.135416666666666,-32.00347222222222,-31.774305555555557,7.642361111111111
Greater London,2022,GB-CMD,-36.197916666666664,-14.684027777777779,0.65625,-17.180555555555557,-33.614583333333336,7.170138888888889
Greater London,2022,GB-CRY,-15.53125,2.84375,15.413194444444445,-30.822916666666668,-27.20138888888889,6.045138888888889
Greater London,2022,GB-EAL,-14.520833333333334,-0.9236111111111112,32.88194444444444,-28.975694444444443,-29.760416666666668,5.222222222222222
Greater London,2022,GB-ENF,-20.291666666666668,-8.350694444444445,18.333333333333332,-39.173611111111114,-29.82638888888889,5.09375
Greater London,2022,GB-GRE,-11.722222222222221,1.2534722222222223,3.4340277777777777,-17.71527777777778,-34.239583333333336,6.361111111111111
Greater London,2022,GB-HAV,-14.413194444444445,1.5520833333333333,13.159722222222221,-24.28472222222222,-25.010416666666668,5.489583333333333
Greater London,2022,GB-HCK,-28.29513888888889,-5.40625,14.409722222222221,-36.75347222222222,-32.93402777777778,6.173611111111111
Greater London,2022,GB-HIL,-13.364583333333334,-6.131944444444445,66.49305555555556,-16.38888888888889,-27.524305555555557,5.083333333333333
Greater London,2022,GB-HMF,-30.97222222222222,-12.010416666666666,12.215277777777779,-37.90972222222222,-39.03472222222222,6.840277777777778
Greater London,2022,GB-HNS,-10.809027777777779,4.381944444444445,22.28125,-18.99652777777778,-24.00347222222222,4.663194444444445
Greater London,2022,GB-HRW,-11.461805555555555,8.996527777777779,70.71527777777777,-16.916666666666668,-18.51736111111111,5.888888888888889
Greater London,2022,GB-HRY,-21.70138888888889,-11.565972222222221,3.5104166666666665,-30.15277777777778,-38.6875,5.451388888888889
Greater London,2022,GB-ISL,-39.50694444444444,-17.322916666666668,7.496527777777778,-64.55555555555556,-39.65277777777778,8.03125
Greater London,2022,GB-KEC,-29.479166666666668,-1.4340277777777777,-7.371527777777778,-37.14930555555556,-36.99652777777778,6.899305555555555
Greater London,2022,GB-KTT,-21.87152777777778,-8.479166666666666,72.8989898989899,-28.48611111111111,-29.100694444444443,7.208333333333333
Greater London,2022,GB-LBH,-28.63888888888889,-11.309027777777779,56.392361111111114,-32.25,-29.302083333333332,6.9375
Greater London,2022,GB-LEW,-7.21875,-0.13194444444444445,19.243055555555557,-27.34027777777778,-34.864583333333336,6.934027777777778
Greater London,2022,GB-LND,-48.111111111111114,-56.77777777777778,-38.59027777777778,-35.12152777777778,-37.858536585365854,
Greater London,2022,GB-MRT,-23.95486111111111,-8.85763888888889,-5.708333333333333,-30.28125,-31.618055555555557,6.604166666666667
Greater London,2022,GB-NWM,-17.96527777777778,-2.6006944444444446,171.0836236933798,-23.87152777777778,-22.73611111111111,4.1875
Greater London,2022,GB-RDB,-19.28472222222222,-3.8472222222222223,4.444444444444445,-32.71875,-36.39930555555556,5.4375
Greater London,2022,GB-RIC,-21.92013888888889,-1.7326388888888888,11.461805555555555,-34.125,-43.263888888888886,7.65625
Greater London,2022,GB-STN,-19.180555555555557,-3.5034722222222223,29.20486111111111,-40.56944444444444,-35.02777777777778,6.715277777777778
Greater London,2022,GB-SWK,-27.60763888888889,-10.315972222222221,0.020833333333333332,-31.038194444444443,-26.8125,6.40625
Greater London,2022,GB-TWH,-22.770833333333332,-7.972222222222222,-0.6180555555555556,-38.361111111111114,-34.638888888888886,6.958333333333333
Greater London,2022,GB-WFT,-9.760416666666666,-5.361111111111111,-2.8055555555555554,-33.701388888888886,-35.21527777777778,5.71875
Greater London,2022,GB-WND,-27.5625,-16.743055555555557,7.097222222222222,-27.649305555555557,-31.92013888888889,7.916666666666667
Greater London,2022,GB-WSM,-35.888888888888886,-11.26736111111111,-15.09375,-25.62152777777778,-35.364583333333336,6.545138888888889
Greater Manchester,2022,GB-BOL,-8.95138888888889,3.9305555555555554,17.38888888888889,-18.4375,-20.600694444444443,4.222222222222222
Greater Manchester,2022,GB-BUR,-6.329861111111111,3.517361111111111,28.395833333333332,-28.625,-27.51388888888889,5.239583333333333
Greater Manchester,2022,GB-MAN,-17.43402777777778,-4.607638888888889,-0.006944444444444444,-19.07986111111111,-26.62152777777778,4.774305555555555
Greater Manchester,2022,GB-OLD,-8.618055555555555,3.2152777777777777,44.010416666666664,-29.177083333333332,-24.427083333333332,3.59375
Greater Manchester,2022,GB-RCH,-3.767361111111111,3.798611111111111,40.19444444444444,-10.59375,-12.600694444444445,4.239583333333333
Greater Manchester,2022,GB-SKP,-9.270833333333334,1.4097222222222223,14.131944444444445,-38.3125,-29.569444444444443,5.920138888888889
Greater Manchester,2022,GB-SLF,-2.8993055555555554,2.4166666666666665,11.125,-33.50347222222222,-24.78125,5.152777777777778
Greater Manchester,2022,GB-TAM,-20.743055555555557,-2.5659722222222223,34.25,-23.586805555555557,-24.947916666666668,4.684027777777778
Greater Manchester,2022,GB-TRF,-8.722222222222221,-1.0625,-19.59375,-32.06944444444444,-32.81944444444444,6.576388888888889
Greater Manchester,2022,GB-WGN,-14.23611111111111,-1.8923611111111112,41.15972222222222,-24.93402777777778,-23.99652777777778,4.357638888888889
Gwynedd,2022,GB-GWN,23.25,28.77777777777778,122.71713147410358,9.430555555555555,-12.85763888888889,3.3867595818815333
Hampshire,2022,GB-HAM,-11.336805555555555,5.791666666666667,41.770833333333336,-15.10763888888889,-21.166666666666668,5.71875
Hartlepool,2022,GB-HPL,-15.458333333333334,6.472222222222222,,-22.625,-14.319444444444445,3.659919028340081
Herefordshire,2022,GB-HEF,-4.333333333333333,5.260416666666667,58.72569444444444,-29.208333333333332,-16.75347222222222,3.7847222222222223
Hertfordshire,2022,GB-HRT,-14.131944444444445,-0.1111111111111111,19.12152777777778,-25.45486111111111,-27.64236111111111,6.277777777777778
Highland Council,2022,GB-HLD,19.854166666666668,13.0625,159.89930555555554,7.204861111111111,-18.84722222222222,3.295138888888889
Inverclyde,2022,GB-IVC,-7.798611111111111,5.993055555555555,,-5.421052631578948,-25.149305555555557,6.509708737864078
Isle of Anglesey,2022,GB-AGY,14.793969849246231,23.316037735849058,58.96402877697842,-1.9201388888888888,-19.45486111111111,4.829268292682927
Isle of Wight,2022,GB-IOW,19.125,28.041666666666668,96.11510791366906,18.70486111111111,-8.302083333333334,2.8159722222222223
Kent,2022,GB-KEN,-6.142361111111111,7.84375,31.04513888888889,-18.32638888888889,-20.82638888888889,4.927083333333333
Kingston upon Hull,2022,GB-KHL,-15.26736111111111,0.625,12.010416666666666,-17.072916666666668,-15.385416666666666,2.9444444444444446
Lancashire,2022,GB-LAN,-7.704861111111111,4.815972222222222,60.822916666666664,-17.944444444444443,-20.40625,4.152777777777778
Leicester,2022,GB-LCE,-19.42013888888889,0.4548611111111111,35.944250871080136,-26.697916666666668,-18.76388888888889,3.3541666666666665
Leicestershire,2022,GB-LEC,-4.340277777777778,3.4479166666666665,47.822916666666664,-29.63888888888889,-27.104166666666668,4.899305555555555
Lincolnshire,2022,GB-LIN,5.239583333333333,19.34027777777778,125.49305555555556,-15.28125,-10.20138888888889,3.6215277777777777
Lisburn and Castlereagh,2022,GB-LBC,-11.149305555555555,3.7291666666666665,-10.615384615384615,-23.66829268292683,-26.979166666666668,6.298611111111111
Luton,2022,GB-LUT,-8.427083333333334,-3.0104166666666665,-8.333333333333334,-8.85763888888889,-15.89236111111111,3.2916666666666665
Medway,2022,GB-MDW,-12.82638888888889,2.954861111111111,36.43706293706294,-19.54861111111111,-25.03125,4.586805555555555
Merseyside,2022,GB-KWL,-19.29861111111111,31.010416666666668,8.145669291338583,-48.40277777777778,-12.600694444444445,4.350694444444445
Merseyside,2022,GB-LIV,-10.135416666666666,-8.64236111111111,-12.59375,-24.21875,-26.76388888888889,4.590277777777778
Merseyside,2022,GB-SFT,-9.84375,-0.06944444444444445,8.649305555555555,-32.53472222222222,-27.680555555555557,5.177083333333333
Merseyside,2022,GB-SHN,-11.503472222222221,-8.715277777777779,40.84027777777778,-32.451388888888886,-28.40277777777778,4.392361111111111
Merseyside,2022,GB-WRL,-10.40625,-2.6840277777777777,21.805555555555557,-31.00347222222222,-22.541666666666668,4.739583333333333
Merthyr Tydfil County Borough,2022,GB-MTY,-15.256944444444445,8.020833333333334,,-29.1869918699187,-25.399305555555557,4.990243902439024
Mid Ulster,2022,GB-MUL,-4.475694444444445,9.190972222222221,,-38.43402777777778,-14.677083333333334,3.5201612903225805
Mid and East Antrim,2022,GB-MEA,-3.6597222222222223,12.809027777777779,27.47826086956522,-6.135416666666667,-20.92361111111111,4.784722222222222
Middlesbrough,2022,GB-MDB,-12.288194444444445,13.15625,6.2784810126582276,-18.67361111111111,-11.128472222222221,2.1631944444444446
Midlothian,2022,GB-MLN,-5.628472222222222,16.76388888888889,19.742424242424242,-13.336805555555555,-22.364583333333332,5.8125
Milton Keynes,2022,GB-MIK,-7.708333333333333,-1.3541666666666667,15.743055555555555,-23.3125,-23.836805555555557,5.802083333333333
Monmouthshire,2022,GB-MON,10.510416666666666,0.9791666666666666,30.683333333333334,-33.125,-27.729166666666668,6.795121951219512
Moray,2022,GB-MRY,10.902777777777779,2.388888888888889,32.602094240837694,-28.437246963562753,-24.302083333333332,3.361788617886179
Neath Port Talbot Principle Area,2022,GB-NTL,-1.6319444444444444,31.979166666666668,25.915343915343914,-43.576388888888886,-18.47222222222222,4.15625
Newport,2022,GB-NWP,-11.458333333333334,1.8888888888888888,21.1,-25.52777777777778,-23.552083333333332,4.899305555555555
"Newry, Mourne and Down",2022,GB-NMD,5.104166666666667,27.225694444444443,34.42011834319526,-30.62847222222222,-17.461805555555557,4.159722222222222
Norfolk,2022,GB-NFK,-1.90625,12.28125,87.26736111111111,-18.61111111111111,-15.055555555555555,4.055555555555555
North Ayrshire Council,2022,GB-NAY,3.9409722222222223,19.29513888888889,1.1153846153846154,8.291666666666666,-19.71875,4.333333333333333
North East Lincolnshire,2022,GB-NEL,-3.423611111111111,3.2395833333333335,35.80442804428044,-7.336805555555555,-14.788194444444445,2.3958333333333335
North Lanarkshire,2022,GB-NLK,-5.673611111111111,2.5069444444444446,,-31.07986111111111,-16.177083333333332,5.15625
North Lincolnshire,2022,GB-NLN,-9.006944444444445,11.270833333333334,8.850174216027874,-17.34375,-14.42361111111111,3.1909722222222223
North Somerset,2022,GB-NSM,-5.715277777777778,11.82986111111111,51.951388888888886,7.329861111111111,-19.9375,5.197916666666667
North Yorkshire,2022,GB-NYK,2.9652777777777777,12.694444444444445,83.9375,5.045138888888889,-28.069444444444443,4.180555555555555
Northamptonshire,2022,GB-NTH,-10.6875,1.6527777777777777,-5.982638888888889,-35.46180555555556,-19.90277777777778,4.402777777777778
Northumberland,2022,GB-NBL,2.1180555555555554,18.604166666666668,102.91319444444444,-23.64236111111111,-17.618055555555557,3.9583333333333335
Nottingham,2022,GB-NGM,-25.23263888888889,-1.3159722222222223,64.49305555555556,-39.329861111111114,-24.868055555555557,3.923611111111111
Nottinghamshire,2022,GB-NTT,-7.003472222222222,3.986111111111111,20.93402777777778,-20.11111111111111,-15.916666666666666,4.364583333333333
Orkney,2022,GB-ORK,,,,,-17.507317073170732,
Oxfordshire,2022,GB-OXF,-13.069444444444445,2.3645833333333335,17.538194444444443,-20.54513888888889,-27.30902777777778,6.0
Pembrokeshire,2022,GB-PEM,24.45138888888889,39.20905923344948,148.77689243027888,-18.0,-11.715277777777779,3.2775800711743774
Perth and Kinross,2022,GB-PKN,-2.1215277777777777,0.5659722222222222,62.03819444444444,-18.6875,-24.54861111111111,4.451388888888889
Peterborough,2022,GB-PTE,-19.59027777777778,9.0,-0.4,-28.90277777777778,-21.51736111111111,3.7083333333333335
Plymouth,2022,GB-PLY,-15.434027777777779,1.4965277777777777,35.607638888888886,-13.684027777777779,-15.194444444444445,3.7395833333333335
Portsmouth,2022,GB-POR,-11.614583333333334,-6.013888888888889,27.87878787878788,-1.9618055555555556,-27.913194444444443,4.1875
Powys,2022,GB-POW,16.336805555555557,17.927083333333332,102.25435540069687,-42.59027777777778,-14.09375,4.136
Reading,2022,GB-RDG,-20.71875,9.434027777777779,16.76525821596244,-31.5,-29.34375,7.840277777777778
Redcar and Cleveland,2022,GB-RCC,-8.180555555555555,9.784722222222221,46.53086419753087,-30.93402777777778,-17.166666666666668,3.3472222222222223
Renfrewshire,2022,GB-RFW,-13.399305555555555,23.8125,31.137931034482758,-16.336585365853658,-23.51388888888889,5.659722222222222
Rhondda Cynon Taff,2022,GB-RCT,-7.791666666666667,11.444444444444445,31.525114155251142,-39.16319444444444,-17.04513888888889,4.444444444444445
Rutland,2022,GB-RUT,-9.736842105263158,,-43.0,,-24.931174089068826,5.516129032258065
Scottish Borders,2022,GB-SCB,2.3506944444444446,6.916666666666667,61.78111587982833,-31.37152777777778,-20.36111111111111,4.178571428571429
Shetland Islands,2022,GB-ZET,,,,-30.476190476190474,-19.321951219512194,
Shropshire,2022,GB-TFW,-2.5416666666666665,14.055555555555555,50.06643356643357,-33.145833333333336,-5.701388888888889,4.09375
Slough,2022,GB-SLG,-18.100694444444443,-16.239583333333332,12.529411764705882,-28.944444444444443,-29.270833333333332,5.180555555555555
Somerset,2022,GB-SOM,-1.0902777777777777,13.916666666666666,82.88541666666667,11.73263888888889,-18.59722222222222,3.892361111111111
South Ayrshire Council,2022,GB-SAY,-4.010416666666667,10.506944444444445,33.87341772151899,-12.416666666666666,-18.770833333333332,4.311188811188811
South Gloucestershire,2022,GB-SGC,-9.84375,9.34375,37.75347222222222,-35.75694444444444,-23.038194444444443,6.086805555555555
South Lanarkshire,2022,GB-SLK,-3.3645833333333335,9.82638888888889,62.737451737451735,-15.26736111111111,-16.125,5.465277777777778
South Yorkshire,2022,GB-BNS,-2.8333333333333335,1.6111111111111112,34.97569444444444,-23.80902777777778,-19.50347222222222,3.829861111111111
South Yorkshire,2022,GB-DNC,-4.434027777777778,5.944444444444445,34.642361111111114,-33.68402777777778,-22.399305555555557,3.361111111111111
South Yorkshire,2022,GB-ROT,-0.7951388888888888,7.534722222222222,30.413194444444443,-27.930555555555557,-15.760416666666666,4.020833333333333
South Yorkshire,2022,GB-SHF,-11.70486111111111,5.104166666666667,11.444444444444445,-28.27777777777778,-24.180555555555557,4.6875
Southampton,2022,GB-STH,-17.90972222222222,1.8229166666666667,-0.2569444444444444,-19.850694444444443,-31.506944444444443,4.555555555555555
Southend-on-Sea,2022,GB-SOS,-8.92361111111111,9.51388888888889,34.4251012145749,-38.28819444444444,-26.12847222222222,5.21875
Staffordshire,2022,GB-STS,-2.6666666666666665,4.229166666666667,35.854166666666664,-6.732638888888889,-21.84375,4.208333333333333
Stirling,2022,GB-STG,-4.618055555555555,15.569444444444445,53.82867132867133,-23.75347222222222,-29.086805555555557,7.029268292682927
Stockton-on-Tees,2022,GB-STT,-15.465277777777779,11.944444444444445,16.866906474820144,-30.67361111111111,-19.4375,3.954861111111111
Stoke-on-Trent,2022,GB-STE,-9.225694444444445,8.54861111111111,25.35632183908046,-31.708333333333332,-18.65277777777778,3.232638888888889
Suffolk,2022,GB-SFK,-5.270833333333333,9.052083333333334,43.69444444444444,-21.15625,-22.15625,4.229166666666667
Surrey,2022,GB-SRY,-13.447916666666666,3.3194444444444446,21.13888888888889,-12.524305555555555,-27.68402777777778,6.729166666666667
Swansea,2022,GB-SWA,-8.774305555555555,5.211805555555555,65.61776061776062,-27.12152777777778,-27.50347222222222,4.819444444444445
Swindon,2022,GB-SWD,-15.739583333333334,-1.9513888888888888,17.0,-33.19097222222222,-27.12152777777778,5.173611111111111
Thurrock,2022,GB-THR,-12.916666666666666,-1.5625,-0.992,-20.305555555555557,-27.15277777777778,4.493055555555555
Torbay,2022,GB-TOB,4.826388888888889,25.493055555555557,80.52107279693486,0.14930555555555555,-12.645833333333334,3.3368055555555554
Torfaen Principal Area,2022,GB-TOF,-7.395833333333333,7.923611111111111,,-42.22222222222222,-15.715277777777779,4.973076923076923
Tyne and Wear,2022,GB-GAT,-10.822916666666666,5.274305555555555,37.979166666666664,-40.201388888888886,-19.52777777777778,4.899305555555555
Tyne and Wear,2022,GB-NET,-16.729166666666668,2.0902777777777777,16.336805555555557,-21.385416666666668,-26.18402777777778,4.885416666666667
Tyne and Wear,2022,GB-NTY,-5.097222222222222,12.427083333333334,-40.72569444444444,-31.48611111111111,-21.24652777777778,5.670138888888889
Tyne and Wear,2022,GB-SND,-11.177083333333334,2.670138888888889,-4.100694444444445,-22.618055555555557,-22.694444444444443,4.059027777777778
Tyne and Wear,2022,GB-STY,-9.743055555555555,1.7430555555555556,0.1875,-15.96875,-26.319444444444443,4.385416666666667
Vale of Glamorgan,2022,GB-VGL,9.20138888888889,14.940972222222221,32.356846473029044,-20.01388888888889,-26.899305555555557,5.569444444444445
Warrington,2022,GB-WRT,-13.82638888888889,4.805555555555555,43.14563106796116,-12.336805555555555,-25.62152777777778,4.90625
Warwickshire,2022,GB-WAR,-7.934027777777778,9.027777777777779,32.263888888888886,-16.70486111111111,-20.725694444444443,5.472222222222222
West Berkshire,2022,GB-WBK,-12.78125,0.4722222222222222,25.93402777777778,4.892361111111111,-23.68402777777778,6.503472222222222
West Dunbartonshire Council,2022,GB-WDU,-8.697916666666666,4.798611111111111,,-30.947916666666668,-21.770833333333332,6.230769230769231
West Lothian,2022,GB-WLN,-13.128472222222221,11.378472222222221,-2.0,-36.016260162601625,-23.93402777777778,5.822916666666667
West Midlands,2022,GB-BIR,-13.756944444444445,3.4722222222222223,17.40625,-31.552083333333332,-23.680555555555557,4.215277777777778
West Midlands,2022,GB-COV,-14.583333333333334,2.90625,8.78125,-28.50347222222222,-32.62152777777778,4.395833333333333
West Midlands,2022,GB-DUD,-9.86111111111111,6.857638888888889,-3.704861111111111,-23.57638888888889,-21.76388888888889,4.260416666666667
West Midlands,2022,GB-SAW,-8.42361111111111,4.135416666666667,1.8854166666666667,-18.07986111111111,-18.89236111111111,3.3854166666666665
West Midlands,2022,GB-SOL,-16.65972222222222,5.802083333333333,34.357638888888886,-22.78125,-16.024305555555557,5.965277777777778
West Midlands,2022,GB-WLL,-12.15625,1.2951388888888888,6.607638888888889,-25.79861111111111,-18.083333333333332,3.8368055555555554
West Midlands,2022,GB-WLV,-12.128472222222221,1.5277777777777777,6.329861111111111,-25.96875,-20.49652777777778,3.4305555555555554
West Sussex,2022,GB-WSX,-11.208333333333334,7.097222222222222,56.09027777777778,-16.493055555555557,-24.80902777777778,5.076388888888889
West Yorkshire,2022,GB-BRD,-11.131944444444445,1.8993055555555556,30.44097222222222,-19.038194444444443,-23.07638888888889,4.173611111111111
West Yorkshire,2022,GB-CLD,-6.677083333333333,6.013888888888889,-10.572916666666666,-20.538194444444443,-19.20138888888889,4.861111111111111
West Yorkshire,2022,GB-KIR,-3.9131944444444446,6.100694444444445,52.72569444444444,-33.701388888888886,-15.979166666666666,4.614583333333333
West Yorkshire,2022,GB-LDS,-15.572916666666666,2.3784722222222223,24.979166666666668,-24.34722222222222,-27.10763888888889,5.760416666666667
West Yorkshire,2022,GB-WKF,-13.444444444444445,10.57638888888889,30.97222222222222,-26.680555555555557,-19.14236111111111,4.236111111111111
Wiltshire,2022,GB-WIL,-6.055555555555555,5.46875,34.87847222222222,-16.572916666666668,-23.194444444444443,5.048611111111111
Windsor and Maidenhead,2022,GB-WNM,-10.190972222222221,1.3958333333333333,29.04513888888889,-20.756944444444443,-31.944444444444443,6.913194444444445
Wokingham,2022,GB-WOK,-3.9097222222222223,-1.1840277777777777,29.150793650793652,-37.06944444444444,-32.72569444444444,8.03125
Worcestershire,2022,GB-WOR,-8.243055555555555,1.375,30.59722222222222,-11.694444444444445,-22.541666666666668,4.579861111111111
Wrexham Principal Area,2022,GB-WRX,-14.152777777777779,2.3125,28.43243243243243,-37.03472222222222,-19.62847222222222,3.4583333333333335
York,2022,GB-YOR,-5.597222222222222,8.302083333333334,29.59722222222222,-19.98611111111111,-28.03125,5.291666666666667
